:100000000C948D150C94CD150C94CD150C94CD1528
:100010000C94CD150C94CD150C94CD150C94CD15D8
:100020000C94CD150C94AD910C94AD910C94AD91B4
:100030000C94CD150C94CD150C94CD150C94CD15B8
:100040000C94CD150C949B1F0C94CD150C94CD15D0
:100050000C94CD150C94009B0C94CD150C94099721
:100060000C94CD150C94EB760C94E1760C94CD1594
:100070000C94CD150C94CD150C94CD150C94CD1578
:100080000C94CD150C94CD150C94CD150C94CD1568
:100090000C94CD150C94CD150C94CD150C94CD1558
:1000A0000C94CD150C94CD150C94CD150C94CD1548
:1000B0000C94CD150C94CD150C94CD150C94CD1538
:1000C0000C94CD150C94CD150C94CD150C94CD1528
:1000D0000C94CD150C94CD150C94CD150C94CD1518
:1000E0000C94CD15084AD73B3BCE016E84BCBFFDB6
:1000F000C12F3D6C74319ABD56833DDA3D00C77FF8
:1001000011BED9E4BB4C3E916BAAAABE0000008090
:100110003F05A84CCDB2D44EB93836A9020C50B91F
:10012000918688083CA6AAAA2ABE000000803F004B
:100130004E414E494E495459494E46CDCCCC3D0ACC
:10014000D7233C17B7D13877CC2B329595E6241FAF
:10015000B14F0A000020410000C84200401C462068
:10016000BCBE4CCA1B0E5AAEC59D74434F4D4D5577
:100170004E49434154494F4E0044525952554E0046
:100180004552524F525300494E464F004543484F47
:10019000004572726F722077726974696E6720749D
:1001A0006F20454550524F4D210A00363726033CFB
:1001B0003D380F2E303E13051A1C180A4509084415
:1001C00000015072696E7465722073746F7070658F
:1001D000642064756520746F206572726F72732E6F
:1001E0002046697820746865206572726F7220619C
:1001F0006E6420757365204D39393920746F207213
:100200006573746172742E202854656D7065726117
:10021000747572652069732072657365742E20533E
:1002200065742069742061667465722072657374E8
:10023000617274696E67290A004E6F2043686563B6
:100240006B73756D2077697468206C696E65206EBC
:10025000756D6265722C204C617374204C696E65FB
:100260003A2000636865636B73756D206D69736D0B
:10027000617463682C204C617374204C696E653A1C
:1002800020004C696E65204E756D62657220697341
:10029000206E6F74204C617374204C696E65204E23
:1002A000756D6265722B312C204C617374204C6922
:1002B0006E653A20004D3131300053657269616CD2
:1002C00020737461747573206D69736D61746368F4
:1002D0000A00746F6F206D75636820696E616374C6
:1002E0006976652074696D65202D2063757272656D
:1002F0006E7420636F6D6D616E643A200021212061
:100300004B494C4C20636175736564206279200011
:10031000627573793A2070617573656420666F72D7
:1003200020696E7075740A00627573793A20706185
:100330007573656420666F7220757365720A00625A
:100340007573793A2070726F63657373696E670AAB
:10035000006563686F3A004572726F723A004F46EB
:1003600046004F4E0042696C696E656172204C65B3
:1003700076656C696E6720477269643A0A004C4F73
:10038000570048494748004F4B004572726F723A18
:1003900020416C6C200020636F6E6E656374696F22
:1003A0006E2E2E2E200054657374696E6720004CEB
:1003B0004F570048494748004F4B004572726F72D3
:1003C0003A20416C6C200020636F6E6E6563746927
:1003D0006F6E2E2E2E200054657374696E67200098
:1003E0004C4F570048494748004F4B004572726FC9
:1003F000723A20416C6C200020636F6E6E656374EE
:10040000696F6E2E2E2E200054657374696E6720FE
:10041000004C4F570048494748004F4B0045727207
:100420006F723A20416C6C200020636F6E6E6563C2
:1004300074696F6E2E2E2E200054657374696E677A
:1004400020002E0A002F0050726F62696E67206DC7
:1004500065736820706F696E7420002028445259BB
:1004600052554E2900473239204175746F2042653C
:1004700064204C6576656C696E67003F20284C2CC3
:10048000522C462C4229206F7574206F6620626FB3
:10049000756E64732E0A003F2856296572626F7369
:1004A00065206C6576656C20696D706C617573692B
:1004B000626C652028302D34292E0A0042616420A8
:1004C0005A2076616C75650A004E6F2062696C690E
:1004D0006E65617220677269640A00204400202002
:1004E0004D323030205300202844697361626C65BE
:1004F00064293A0046696C616D656E742073657499
:1005000074696E67730020204D3230312058004DE1
:10051000617820416363656C65726174696F6E20F8
:1005200028756E6974732F7332290020204D323084
:10053000332058004D61782066656564726174658A
:10054000732028756E6974732F7329002052002060
:10055000204D323034205000416363656C65726118
:1005600074696F6E2028756E6974732F7332292039
:1005700028503C7072696E742D616363656C3E2017
:10058000523C726574726163742D616363656C3E85
:1005900020543C74726176656C2D616363656C3EBA
:1005A0002900204A0020540020530020204D3230E2
:1005B00035204200416476616E6365642028423CC8
:1005C0006D696E5F7365676D656E745F74696D6587
:1005D0005F75733E20533C6D696E5F66656564723E
:1005E0006174653E20543C6D696E5F74726176651E
:1005F0006C5F66656564726174653E204A3C6A752D
:100600006E635F6465763E29002044002049002027
:10061000500020204D333031204500486F74656E06
:1006200064205049440050574D3A2020253464003E
:1006300050574D3A20202534640050574D3A202021
:100640002534640050574D3A20202534640050571B
:100650004D3A20202534640050574D3A202025344F
:10066000640050574D3A20202534640050574D3ACD
:1006700020202534640050574D3A20202534640052
:1006800050574D3A20202534640050574D3A2020D1
:100690002534640050574D3A2020253464005057CB
:1006A0004D3A20202534640050574D3A20202534FF
:1006B000640050574D3A20202534640050574D3A7D
:1006C0002020253464003A200020202020434F4D74
:1006D000002020206E6F6E2D7374616E64617264F1
:1006E0002050574D206D6F646500202020636F6D92
:1006F0007061726520696E746572727570742065C0
:100700006E61626C6564002020206F766572666C95
:100710006F7720696E7465727275707420656E6192
:10072000626C6564003A20002020202054494D531B
:100730004B00423A200020202020544343520041E5
:100740003A20002020202054434352002020202023
:1007500043533A20002020202057474D3A20005094
:10076000574D3A20202534640050574D3A2020251B
:1007700034640047004800000088008A008C00B301
:1007800000B400000098009A009C00A800AA00ACE9
:100790000028012A012C012020202054494D4552D7
:1007A00000440045006E00800081006F00B000B181
:1007B000007000900091007100A000A10072002064
:1007C000012101730020697320616C736F207469CB
:1007D000656420746F20746869732070696E0054BA
:1007E000494D45523143000A202E00202000202090
:1007F000506F72743A20004C4F57004849474800E8
:10080000446F6E652E0A0050756C73696E67202008
:100810002000556E746F75636865642000534552FF
:10082000564F206E6F74207365742075702E0A0009
:10083000202D20005761746368696E672070696EAF
:1008400000206973007320617265002070726F74FC
:1008500065637465642E20557365202749272074CD
:100860006F206F766572726964652E0A0053706539
:100870006369666965642070696E00646973006508
:100880006E0061626C65640A00656E6473746F70FB
:10089000206D6F6E69746F722000202E6873747201
:1008A000743A2000202E68656E643A200020636848
:1008B0006F70706572202E746F66663A2000202E6D
:1008C00068737472743A2000202E68656E643A2052
:1008D000002063686F70706572202E746F66663AD0
:1008E0002000202E68737472743A2000202E6865F0
:1008F0006E643A20002063686F70706572202E74F9
:100900006F66663A2000202E68737472743A200075
:10091000202E68656E643A20002063686F707065F1
:1009200072202E746F66663A20003F53206F7574F4
:10093000206F662072616E67652028312E2E38295F
:100940000A003F50206F7574206F662072616E67D9
:100950006520282D332E2E3132290A003F4F206F7B
:100960007574206F662072616E67652028312E2EA7
:100970003135290A003B200020496E76616C69649C
:10098000206578747275646572200047322F473392
:100990002062616420706172616D65746572730AB2
:1009A00000473238005A2050726F626520506173E0
:1009B000742042656400205A3A200020593A2000F1
:1009C00042656420583A20004D65736820706F6955
:1009D0006E74206F7574206F662072616E67650A91
:1009E000005072696E742074696D653A20000A5374
:1009F000746174733A2046696C616D656E7420751C
:100A00007365643A20002C204C6F6E676573742008
:100A10006A6F623A2000546F74616C2074696D656E
:100A20003A200053746174733A20002C20466169A7
:100A30006C65643A20002C2046696E6973686564B1
:100A40003A20005072696E74733A200053746174D6
:100A5000733A20006F6B006F6666008C018701801F
:100A60000179016B0144454255473A004D3131321D
:100A70002053687574646F776E004D3131332053A5
:100A8000002F2F003F4A206F7574206F662072611F
:100A90006E67652028302E303120746F20302E3361
:100AA000290A0020204D61783A2000200020204DA6
:100AB000696E3A2000203B200020204D3231312049
:100AC0005300536F667420656E6473746F707300A7
:100AD000250A0046523A0020466C6F773A200050B3
:100AE000726F6265204F6666736574205A0050729B
:100AF0006F6265204F6666736574205A006469737F
:100B000000656E0043290A0061626C656420286DEF
:100B1000696E2074656D702000436F6C6420657889
:100B2000747275646573206172652000426564208B
:100B30004C6576656C696E6720004661696C65641A
:100B400020746F20656E61626C6520426564204C84
:100B50006576656C696E670A00496E76616C6964DA
:100B6000206D6573682E0A004D34323120696E6342
:100B70006F727265637420706172616D6574657205
:100B80002075736167650A004D65736820706F6931
:100B90006E74206F7574206F662072616E67650ACF
:100BA00000546F6F206661722066726F6D207265EF
:100BB000666572656E636520706F696E740A0045C4
:100BC0004550524F4D204F4B0A00290A0020746FA8
:100BD00020003F5A206F7574206F662072616E6727
:100BE000652028003F59206D7573742062652030A0
:100BF00020284E4F5A5A4C455F41535F50524F4246
:100C000045292E0A003F58206D75737420626520B7
:100C10003020284E4F5A5A4C455F41535F50524F37
:100C20004245292E0A002064726976657220637538
:100C30007272656E743A2000206472697665722063
:100C400063757272656E743A20002064726976650D
:100C5000722063757272656E743A20002064726946
:100C60007665722063757272656E743A20007370D7
:100C7000726561644379636C6500737465616C745B
:100C80006843686F700020647269766572206D6FCA
:100C900064653A09007370726561644379636C65D9
:100CA00000737465616C746843686F7000206472CF
:100CB00069766572206D6F64653A090073707265BC
:100CC00061644379636C6500737465616C74684337
:100CD000686F700020647269766572206D6F64655C
:100CE0003A09007370726561644379636C650073DF
:100CF0007465616C746843686F7000206472697613
:100D00006572206D6F64653A0900496E76616C69A1
:100D1000642065787472756465720A006F6B0020D8
:100D2000204D323036205800486F6D65206F666662
:100D3000736574004361703A00434F4E4649475F04
:100D40004558504F5254004D4541545041434B007B
:100D5000434F4F4C45525F54454D504552415455B9
:100D60005245004348414D4245525F54454D504520
:100D700052415455524500424142595354455050F6
:100D8000494E470041524353004D4F54494F4E5F27
:100D90004D4F44455300544845524D414C5F5052CD
:100DA0004F54454354494F4E00455854454E4445D1
:100DB000445F4D323000435553544F4D5F464952C6
:100DC0004D574152455F55504C4F4144004C464EA3
:100DD0005F5752495445004C4F4E475F46494C457A
:100DE0004E414D45004155544F5245504F52545F6E
:100DF00053445F5354415455530053445F57524931
:100E000054450052455045415400534443415244D7
:100E10000050524F4D50545F535550504F52540054
:100E2000484F53545F414354494F4E5F434F4D4DDC
:100E3000414E445300454D455247454E43595F503E
:100E4000415253455200434153455F4C4947485432
:100E50005F4252494748544E45535300544F474709
:100E60004C455F4C494748545300534F46545741F3
:100E700052455F504F574552004255494C445F50D0
:100E8000455243454E54004C4556454C494E475FEC
:100E900044415441005A5F50524F42450052554E12
:100EA0004F5554004155544F4C4556454C005052F7
:100EB000494E545F4A4F420050524F475245535398
:100EC000004155544F5245504F52545F54454D5078
:100ED000004155544F5245504F52545F504F5300AC
:100EE000564F4C554D455452494300454550524F7D
:100EF0004D0042494E4152595F46494C455F54525C
:100F0000414E534645520053455249414C5F584F5C
:100F10004E5F584F4646004649524D574152455F35
:100F20004E414D453A4D61726C696E20322E312E24
:100F3000322E312028536570202032203230323456
:100F40002031373A32353A35322920534F55524302
:100F5000455F434F44455F55524C3A676974687525
:100F6000622E636F6D2F4D61726C696E4669726D92
:100F7000776172652F4D61726C696E2050524F54CB
:100F80004F434F4C5F56455253494F4E3A312E30E6
:100F9000204D414348494E455F545950453A4A75A2
:100FA0006C69612050726F2053696E676C652032E6
:100FB00034562055415254206A756D706572732005
:100FC0007769746820544D4332323039206F6E2077
:100FD0004D4B532047656E4C2076322E31204558BC
:100FE0005452554445525F434F554E543A31205563
:100FF0005549443A63656465326132662D34316126
:10100000322D343734382D396231322D6335356322
:10101000363266333637666600203B0020204D3876
:101020003531205830205930205A005A2D50726FD7
:101030006265204F666673657400256973002569D3
:101040006D20256973002569682025696D20256953
:101050007300256964202569682025696D2025694C
:101060007300256979202569642025696820256930
:101070006D202569730020573A0020573A002066FA
:1010800061696C65642120426164206865617465F2
:10109000722069640A00504944204175746F747568
:1010A0006E650023646566696E652044454641555A
:1010B0004C545F004B6420004B6920004B702000B3
:1010C0002066696E697368656421205075742074A8
:1010D0006865206C617374204B702C204B69206113
:1010E0006E64204B6420636F6E7374616E74732042
:1010F00066726F6D2062656C6F7720696E746F2009
:10110000436F6E66696775726174696F6E2E680AE7
:1011100000504944204175746F74756E65002066F7
:1011200061696C6564212074696D656F75740A006E
:10113000504944204175746F74756E650020666176
:10114000696C6564212054656D7065726174757297
:101150006520746F6F20686967680A0050494420F1
:101160004175746F74756E6500204B643A200020E1
:101170004B693A2000204B703A200020436C617389
:1011800073696320504944200A002054753A2000B6
:10119000204B753A2000206D61783A2000206D695F
:1011A0006E3A200020643A200020626961733A2080
:1011B000002073746172740A0050494420417574B0
:1011C0006F74756E6500206661696C6564212054DA
:1011D000656D706572617475726520746F6F2068DB
:1011E0006967680A00504944204175746F74756ED0
:1011F00065006F70656E005452494747455245443B
:10120000003A20007A5F70726F6265007A5F6D61EC
:101210007800795F6D617800785F6D696E00526566
:10122000706F7274696E6720656E6473746F70207E
:101230007374617475730A0020746F6F206C6F6E25
:101240006720657874727573696F6E207072657649
:10125000656E7465640A0020636F6C642065787441
:10126000727573696F6E2070726576656E746564F1
:101270000A00000070C10000C8430000C843576165
:10128000726E696E673A20486F6D696E67204275AD
:101290006D702044697669736F72203C20310A00BA
:1012A0000202040080C5430000C8430000C8430098
:1012B00000A0400000A0400000004000000001002D
:1012C000000001000080005555550000004000332B
:1012D000333300AAAA2A004992240000002000C744
:1012E000711C0099991900D1451700555515003BFF
:1012F000B113002449120011111100000010000F59
:101300000F0F00E3380E0043790D00CCCC0C00C366
:10131000300C00E8A20B0064210B00AAAA0A00709E
:101320003D0A009DD80900427B090092240900DC97
:10133000D30800888808001042080000000800F068
:10134000C107008787070075500700711C07003E22
:10135000EB0600A1BC0600699006006666060070F8
:101360003E06006118060017F4050074D105005B05
:10137000B00500B290050062720500555505007871
:10138000390500B81E0500050505004EEC04008770
:10139000D40400A1BD040090A7040049920400C138
:1013A0007D0400EE690400C7560400444404005C58
:1013B0003204000821040041100400000004003F32
:1013C000F00300F8E0030026D20300C3C30300CCFF
:1013D000B503003AA803000A9B0300388E0300C03F
:1013E0008103009F750300D0690300505E03001D58
:1013F00053030034480300913D03003333030016C8
:10140000290300381F030097150300300C03000365
:101410000303000BFA020049F10200BAE802005C83
:10142000E002002DD802002DD0020059C80200B001
:10143000C0020031B90200DAB10200AAAA0200A07B
:10144000A30200BC9C0200FA9502005C8F0200DF40
:1014500088020082820200457C0200277602002773
:10146000700200436A02007C640200D05E02003F0A
:10147000590200C8530200FFFDFCFAF8F6F4F2F03E
:10148000EEECEAE9E7E5E3E1E0DEDCDAD9D7D5D452
:10149000D2D0CFCDCBCAC8C7C5C3C2C0BFBDBCBAEE
:1014A000B9B7B6B4B3B2B0AFADACAAA9A8A6A5A45B
:1014B000A2A1A09E9D9C9A99989795949392908FA3
:1014C0008E8D8B8A8988878684838281807F7E7DCA
:1014D0007B7A797877767574737271706F6E6D6CD4
:1014E0006B6A696867666564636261605F5E5D5CC4
:1014F0005B5A5958585756555453525150504F4EA5
:101500004D4C4B4A4A49484746464544434242416E
:10151000403F3E3E3D3C3B3B3A3938383736353527
:10152000343332323130302F2E2E2D2C2B2B2A29D2
:101530002928272726252524232322212120201F6F
:101540001E1E1D1C1C1B1B1A191918181716161500
:101550001514131312121111100F0F0E0E0D0D0C86
:101560000C0B0A0A09090808070706060505040402
:10157000030302020100000080C5430000C84300CD
:1015800000C8430000000000000000000000002927
:101590000A002062797465733B20637263200053F4
:1015A000657474696E67732053746F726564202864
:1015B00000454550524F4D20496E697469616C6910
:1015C0007A65640A0048617264636F6465642044EC
:1015D000656661756C742053657474696E677320F9
:1015E0004C6F616465640020286D6D2900203B20EC
:1015F0004C6576656C696E67200020204D34323072
:101600002053004175746F20426564204C657665F7
:101610006C696E670020204D393036002054302030
:1016200045005374657070657220647269766572E6
:101630002063757272656E740020204D3536392036
:1016400053310054302045002058004472697665BB
:1016500072207374657070696E67206D6F646500C9
:10166000204A002020473239205720490020204DB1
:101670003134392043203B20556E69747320696EE4
:101680002043656C736975730A0054656D706572EB
:10169000617475726520556E69747300202047323D
:1016A00031203B004C696E65617220556E69747320
:1016B00000454550524F4D206461746173697A65ED
:1016C000206572726F722E0A00202863616C637548
:1016D0006C6174656429210A0020213D2000454584
:1016E00050524F4D20435243206D69736D617463B6
:1016F00068202D202873746F726564292000454589
:1017000050524F4D20436F72727570740A0020530F
:10171000697A653A2000496E6465783A2000290AA2
:10172000002062797465733B20637263200020732C
:10173000746F7265642073657474696E6773207268
:101740006574726965766564202800000096430020
:1017500000964300002041000034420000C84200CF
:1017600000C8420000C84300000C43C4090000C484
:1017700009000032000000401F0000204D61726C23
:10178000696E3D563838290A00454550524F4D2064
:1017900076657273696F6E206D69736D61746368CD
:1017A0002028454550524F4D3D0045315F5345522D
:1017B00049414C5F52585F50494E0045315F534597
:1017C0005249414C5F54585F50494E0045305F5379
:1017D000455249414C5F52585F50494E0045305F79
:1017E00053455249414C5F54585F50494E005A5F2F
:1017F00053455249414C5F52585F50494E005A5F21
:1018000053455249414C5F54585F50494E00595F0F
:1018100053455249414C5F52585F50494E00595F01
:1018200053455249414C5F54585F50494E00585FF0
:1018300053455249414C5F52585F50494E00585FE2
:1018400053455249414C5F54585F50494E005A5FCE
:10185000535445505F50494E005A5F454E41424CEB
:10186000455F50494E005A5F4449525F50494E000F
:10187000595F535445505F50494E00595F454E41A2
:10188000424C455F50494E00595F4449525F5049B0
:101890004E00585F535445505F50494E00585F45C5
:1018A0004E41424C455F50494E00585F4449525F9B
:1018B00050494E005A5F4D494E5F50524F42455F6E
:1018C00050494E0045315F444941475F50494E0001
:1018D00045305F444941475F50494E005A5F444993
:1018E00041475F50494E00595F444941475F504965
:1018F0004E00585F444941475F50494E005A5F537C
:10190000544F505F50494E005A5F4D41585F504907
:101910004E00595F53544F505F50494E00595F4D30
:1019200041585F50494E00585F53544F505F5049E3
:101930004E00585F4D494E5F50494E005345525638
:101940004F335F50494E00534552564F325F504916
:101950004E00534552564F315F50494E0053455249
:10196000564F305F50494E0053445F53535F5049C8
:101970004E00534453530053445F53434B5F50490D
:101980004E0053445F4D4F53495F50494E005344FE
:101990005F4D49534F5F50494E004D4F534645549C
:1019A0005F445F50494E004D4F534645545F435F7F
:1019B00050494E004D4F534645545F425F50494E8B
:1019C000004D4F534645545F415F50494E004C45D2
:1019D000445F50494E004845415445525F4245449A
:1019E0005F50494E004845415445525F335F50496E
:1019F0004E004845415445525F325F50494E0048C1
:101A000045415445525F315F50494E00484541546D
:101A100045525F305F50494E0046414E5F50494E3F
:101A20000045315F43535F50494E0045315F535489
:101A300045505F50494E0045315F454E41424C454F
:101A40005F50494E0045315F4449525F50494E0056
:101A500045305F535445505F50494E0045305F4517
:101A60004E41424C455F50494E0045305F4449521B
:101A70005F50494E00455850325F30385F50494EF4
:101A800000455850325F30375F50494E004558503E
:101A9000325F30365F50494E00455850325F303526
:101AA0005F50494E00455850325F30345F50494EC8
:101AB00000455850325F30335F50494E0045585012
:101AC000325F30325F50494E00455850325F3031FE
:101AD0005F50494E00455850315F30385F50494E95
:101AE00000455850315F30375F50494E00455850DF
:101AF000315F30365F50494E00455850315F3035C8
:101B00005F50494E00455850315F30345F50494E68
:101B100000455850315F30335F50494E00455850B2
:101B2000315F30325F50494E00455850315F30319F
:101B30005F50494E004156525F53535F50494E002B
:101B40004156525F53434B5F50494E004156525FDE
:101B50004D4F53495F50494E004156525F4D4953D6
:101B60004F5F50494E0054454D505F4245445F50D1
:101B7000494E0054454D505F335F50494E00544527
:101B80004D505F325F50494E0054454D505F315FBC
:101B900050494E0054454D505F305F50494E00460D
:101BA000494C57494454485F50494E0054584430BA
:101BB000005258443000423A0020436F756E742042
:101BC000413A004500626564002C207379737465A6
:101BD0006D2073746F707065642120486561746551
:101BE000725F49443A20004572723A204D41585480
:101BF000454D50004D415854454D50207472696711
:101C000067657265640048656174696E6720466146
:101C1000696C65640048656174696E672066616916
:101C20006C6564001000600350012C0190012201DA
:101C3000D001180110020E0170020401E002FA0046
:101C40006003F0000004E600B004DC00A005D20050
:101C5000B006C8000008BE00A009B400800BAA00AE
:101C6000D00DA00090109600C0138C007017820059
:101C7000901B780010206E00C0246400E02D5000FE
:101C800080353C00A03A2800A03D1400003F000031
:101C9000A03FECFF4572723A204D494E54454D50DD
:101CA000004D494E54454D50207472696767657206
:101CB000656400544845524D414C2052554E4157A1
:101CC000415900546865726D616C2052756E617780
:101CD0006179000A0A0020205A5F4D494E5F505238
:101CE0004F42453A0020205A5F4D41583A0020208B
:101CF000595F4D41583A002020585F4D494E3A00F7
:101D0000202F002042403A0020403A001000C90233
:101D100010012C014001220170011801B0010E01D7
:101D2000F00104015002FA00B002F0003003E600B6
:101D3000D003DC009004D2007005C800A006BE00ED
:101D40000008B400B009AA00D00BA000600E9600F5
:101D500060118C000015820020197800C01D6E00F3
:101D6000A0226400B0275A00902C50000031460099
:101D7000E0343C0010383200903A2800603C1E00ED
:101D8000A03D1400803E0A00203F00002020506C3F
:101D9000616E6E65724275666665724279746573CE
:101DA0003A20002046726565204D656D6F72793A64
:101DB000200020436F6D70696C65643A2053657034
:101DC00020203220323032340A00204C61737420DB
:101DD000557064617465643A20323032332D303589
:101DE0002D3136207C20417574686F723A20284668
:101DF0007261636B74616C20576F726B732C20641B
:101E0000656661756C7420636F6E666967290A0088
:101E10004D61726C696E20322E312E322E310A00E5
:101E200020536F6674776172652052657365740A1A
:101E300000205761746368646F672052657365742E
:101E40000A002042726F776E206F7574205265739E
:101E500065740A002045787465726E616C20526565
:101E60007365740A00506F77657255700A00737459
:101E70006172740A0020503A00205A3A0020593A00
:101E80000020583A00656E6473746F70732068693F
:101E9000743A200000002100240027002A002D00B1
:101EA0003000330001010000040107010A010000B5
:101EB0000A0B02090C0D0E080703040100000000C4
:101EC0000000000000000000000000000000000012
:101ED00000000000000000000000121110000000CF
:101EE00000000000000000000000000000000000F2
:101EF00000000000000020002300260029002C0024
:101F00002F0032000001000003010601090100005A
:101F10002200250028002B002E0031003400020191
:101F20000000050108010B01050505050705080866
:101F30000808020202020A0A080804040404010153
:101F40000101010101010303030303030303040768
:101F500007070C0C0C0C0C0C0C0C020202020606FF
:101F60000606060606060B0B0B0B0B0B0B0B0102F2
:101F7000102020080810204010204080020102019B
:101F80000804020101020408102040808040201053
:101F900008040201800402018040201008040201AC
:101FA0000804020101020408102040800102040814
:101FB0001020408024F404D9201BC40C5C0E98042B
:101FC000C4095F0265077101F405F900FB04B30061
:101FD00048048700C1036900580355000303450006
:101FE000BE023A008402310053022A002902250071
:101FF00004022000E4011C00C8011900AF01170011
:102000009801140084011300710110006101100097
:1020100051010E0043010D0036010B002B010B0096
:1020200020010B00150109000C0109000301080043
:10203000FB000800F3000800EB000700E4000600C6
:10204000DE000600D8000600D2000600CC00050025
:10205000C7000500C2000500BD000400B90004006F
:10206000B5000400B1000400AD000400A9000400A4
:10207000A5000300A20003009F0004009B000300D2
:1020800098000300950002009300030090000300F5
:102090008D0002008B000300880002008600020011
:1020A00084000300810002007F0002007D00020026
:1020B0007B00020079000200770001007600020038
:1020C0007400020072000100710002006F00020043
:1020D0006D0001006C0002006A000100690002004E
:1020E0006700010066000100650001006400020055
:1020F0006200010061000100600001005F00020059
:102100005D0001005C0001005B0001005A0001005D
:10211000590001005800010057000100560001005D
:10212000550001005400010053000000530001005D
:102130005200010051000100500001004F00010059
:102140004E0000004E0001004D0001004C00010057
:102150004B0000004B0001004A0001004900010053
:102160004800000048000100470001004600000050
:102170004600010045000000450001004400010048
:102180004300000043000100420000004200010043
:102190004100000041000100400001003F0000003C
:1021A0003F0001003E0000003E0001003D00000035
:1021B0003D0001003C0000003C0000003C0001002C
:1021C0003B0000003B0001003A0000003A00010023
:1021D000390000003900010038000000380000001C
:1021E0003800010037000000370001003600000011
:1021F0003600000036000100350000003500000008
:1022000035000100340000003400000034000100FB
:1022100033000000330000003300010032000000F2
:1022200032000000320001003100000031000000E7
:1022300031000100300000003000000030000100DB
:102240002F0000002F0000002F0000002F000100D1
:102250002E0000002E0000002E0001002D000000C6
:102260002D0000002D0000002D0001002C000000BA
:102270002C0000002C0000002C0001002B000000AE
:102280002B0000002B0000002B0001002A000000A2
:102290002A0000002A0000002A0001002900000096
:1022A0002900000029000000290000002900010089
:1022B000280000002800000028000000280000007E
:1022C0002800010027000000270000002700000070
:1022D0002700000027000100260000002600000063
:1022E0002600000026000000260001002500000056
:1022F000250000002500000025000000250000004A
:10230000250001002400000024000000240000003B
:10231000240000002400010023000000230000002E
:102320002300000023000000230000002300000021
:102330002300010022000000220000002200000013
:102340002200000022000000220001002100000005
:1023500021000000210000002100000021000000F9
:1023600021000000210001002000000020000000EA
:1023700020000000200000002000000020000000DD
:1023800020000000200001001F0000001F000000CE
:102390001F0000001F0000001F0000001F000000C1
:1023A0001F0001001E0000001E0000001E000000B3
:1023B0001E00000024F4D43050C38E20C2A2401767
:1023C000828B7011127A910D816CD90AA861E10893
:1023D000C7586607615143061E4B5D05C145A704FA
:1023E0001A411104093D9803713931034036DB026B
:1023F00065339102D4305402802E1D02632CEE010D
:10240000752AC501B028A001102781018F2564011C
:102410002B244B01E0223401AC211F018D200D0142
:10242000801FFC00841EED00971DDF00B81CD20049
:10243000E61BC600201BBC00641AB200B219A8003B
:102440000A19A0006A189900D117910040178B0053
:10245000B516840031167E00B31579003A15730065
:10246000C7146F0058146A00EE13660088136300E7
:1024700025135E00C7125B006C1257001512540042
:10248000C111510070114F0021114B00D6104900AD
:102490008D1047004610440002104200C00F40005B
:1024A000800F3E00420F3C00060F3B00CB0E380071
:1024B000930E37005C0E3500270E3400F30D32000A
:1024C000C10D3100900D3000600D2E00320D2D0039
:1024D000050D2C00D90C2B00AE0C2900850C290011
:1024E0005C0C2700350C27000E0C2600E80B24009E
:1024F000C40B2400A00B23007D0B23005A0B2100EA
:10250000390B2100180B2000F80A1F00D90A1E0001
:10251000BB0A1E009D0A1D00800A1D00630A1C00E4
:10252000470A1B002C0A1B00110A1A00F7091A009F
:10253000DD091900C4091900AB0919009209170037
:102540007B091800630917004C09160036091600AC
:10255000200916000A091500F5081500E008140006
:10256000CC081400B8081400A40814009008130044
:102570007D0812006B08130058081200460812006C
:10258000340811002308110012081100010811007D
:10259000F0071000E0071000D0071000C00710007F
:1025A000B0070F00A107100091070E0083070F006E
:1025B00074070F0065070E0057070E0049070E004D
:1025C0003B070D002E070E0020070D0013070D001E
:1025D00006070D00F9060C00ED060D00E0060C00E4
:1025E000D4060C00C8060C00BC060C00B0060C009B
:1025F000A4060B0099060C008D060B0082060B004A
:1026000077060B006C060B0061060A0057060B00EC
:102610004C060A0042060A0038060A002E060A0086
:1026200024060A001A060A001006090007060A0016
:10263000FD050900F4050900EB050900E2050900A4
:10264000D9050900D0050900C7050900BE05090024
:10265000B5050800AD050800A50509009C050800A2
:10266000940508008C050800840508007C05080016
:10267000740508006C050700650508005D05070086
:10268000560508004E0507004705070040050800ED
:1026900038050700310507002A0507002305070054
:1026A0001C050600160507000F05070008050600B3
:1026B00002050700FB040600F5040700EE0406000F
:1026C000E8040600E2040700DB040600D504060067
:1026D000CF040600C9040600C3040600BD040600BA
:1026E000B7040600B1040500AC040600A604060009
:1026F000A00405009B040600950405009004060054
:102700008A04050085040500800406007A0405009B
:1027100075040500700405006B04050066040500DF
:10272000610405005C04050057040500520405001F
:102730004D04050048040500430405003E04040060
:102740003A04050035040500300404002C0405009B
:1027500027040400230405001E0404001A040400D6
:1027600016040500110404000D040400090405000A
:102770000404040000040400FC030400F803040043
:10278000F4030400F0030400EC030400E803040075
:10279000E4030400E0030400DC030400D8030400A5
:1027A000D4030400D0030400CC030400C8030300D6
:1027B000C5030300722900007C200000AD16000054
:1027C000270E00001208000057040000410200001C
:1027D00026010000486F6D696E67204661696C656F
:1027E0006400FF010150726F62696E672046616983
:1027F0006C65640A00205A3A200020593A200042B1
:10280000656420583A200020202000202020416EBE
:10281000616C6F6720696E203D2025356C64003C3B
:10282000756E757365642F756E6B6E6F776E3E0097
:1028300020284125326429202000253364200050BF
:10284000494E3A20004F75747075742000496E70BF
:102850007574202000416E616C6F6720696E203DA9
:102860002025356C640070726F7465637465642034
:1028700000202841253264292020002533642000CF
:1028800050494E3A2000B11B0001AC1B01019F1BB7
:102890003B00941B4500891B43007E1B4300731BB8
:1028A0004500661B4400591B32014C1B3301401B81
:1028B0003401351B3501291B25011D1B2301111B6B
:1028C0001101051B1001F91A1701ED1A1901E11A7E
:1028D0001B01D51A1D01C91A3201BD1A3401B11AE2
:1028E0001F01A51A3501991A21018D1A3301811A88
:1028F0003101751A29016A1A1C015C1A1801501A53
:102900001A01451A2201371A1E012B1A2401211A15
:102910000C01191A09010C1A0A01FF190701F21911
:102920002F01E5192D01D6190801CE190D01C11984
:102930000A01B4190901A71908019A1907018E198A
:10294000320182193301771934017219350168197E
:1029500035015D190B0152191501471927013C1961
:10296000200132190301271903011D190F01121942
:102970000F0108191301FD181301F2180301E718DC
:102980000E01DC181201D0180201C4180F01B4188E
:102990000501AA1837019D182601921836018818DA
:1029A0003D017B18380170183C0166183001591838
:1029B0003E014E182E013E1828012E183F011E1808
:1029C0003B010E184001FE172A01EE174101DD17E9
:1029D0002C01CC174201BB171401AA170C01220AC3
:1029E00000556E6B6E6F776E20636F6D6D616E64F8
:1029F0003A202200204500205A0020590020204D76
:102A000039322058005374657073207065722075D8
:102A10006E697400DB0FC93F45BCDA3F8FB30240DB
:102A2000FCF0274056946140FE4B9B4084A5D84063
:102A3000E0231841346A5641E859974164DBD54197
:102A40006E271742B4B75542CE1A9742C8AED54248
:102A5000B5885A43D40684BFA65FA7BF7443E0BFBE
:102A600010B11AC01C2C58C0E8F697C0B849D6C09F
:102A70004E4E17C124D355C1802497C1A0B5D5C1EE
:102A8000121A17C244AE55C2781797C26CACD5C2A1
:102A900067885AC320746F6F206C6F6E67206578EB
:102AA00074727573696F6E2070726576656E746589
:102AB000640A0020636F6C642065787472757369B2
:102AC0006F6E2070726576656E7465640A00486F7B
:102AD0006D652025732046697273740020453A00A5
:102AE000205A3A0020593A00583A006F6B0A0052B7
:102AF0006573656E643A20005072696E7465722069
:102B000068616C7465642E206B696C6C2829206385
:102B1000616C6C6564210A0060A411241FBECFEFB4
:102B2000D1E2DEBFCDBF00E00CBF84B78093B80F09
:102B300014BE0FB6F894A8958091600088618093C8
:102B40006000109260000FBE13E0A0E0B2E0E4E687
:102B5000F0E701E00BBF02C007900D92AE34B10761
:102B6000D9F72FE0AEE4B3E001C01D92A83BB20755
:102B7000E1F715E1CDE8D5E100E006C021970109B4
:102B8000802FFE010E94E8B4CC38D10780E008070E
:102B9000A9F70E94FCA50C9430B80C940000EF92A9
:102BA000FF920F931F93E0925B03F0925C030093FC
:102BB0005D0310935E0360935F03709360038093E3
:102BC00061039FEFFF27621B730B840B30F480952A
:102BD00070956195790B890B992790935A03A6E01C
:102BE0006A9F00924E03512DEE277A9F500DE11DF2
:102BF0008A9FE00D50934F03E0935003AFE06A9F2C
:102C000000925203512DEE277A9F500DE11D8A9FAD
:102C1000E00D50935303E0935403AAE06A9F00929F
:102C20005603512DEE277A9F500DE11D8A9FE00D2E
:102C300050935703E09358031F910F91FF90EF902B
:102C4000089521E030E0082E02C0220F331F0A94BD
:102C5000E2F72095309590918B04292320938B04E3
:102C6000813061F020F0823071F081E008955F9A48
:102C70008091A0068E7F8093A006F7CF8A9A8091DC
:102C8000A0068D7FF8CF8091080180958170809398
:102C900006018091A0068B7FEECF9F92AF92BF92EC
:102CA000CF92DF92EF92FF920F931F93CF93DF9318
:102CB00000D01F921F92CDB7DEB7E7E7F4E10027FF
:102CC000BB27462F572FA82FAA2341F4A52F542FF7
:102CD000B85FAA2319F4A52F5527B85FA03138F49F
:102CE0005295A295452F4F70507FA42BBC5FA03406
:102CF00028F4550FAA1F550FAA1FBE5FA03818F45D
:102D0000550FAA1FB395550FAA1FEA0FF01F449144
:102D100051E0AA27B85079F1C0F0B0FF02C0440FCB
:102D2000551FB1FF04C0440F551F440F551FB2FF7C
:102D300006C052954295142F1F70407F512BB3FF50
:102D40001AC0A52F542F442716C0B195B0FF02C05A
:102D500055954795B1FF04C05595479555954795AD
:102D6000B2FF05C05295407F4295452B5F70B3FF7F
:102D700002C0452F5527DD24CC24BB24B2E0649F3C
:102D8000D018C108B00AB00B749FC018B108B00BBE
:102D9000849FB018B109659FC018B108B00B759F2A
:102DA000B018B109859FB0196A9FB018B1097A9F10
:102DB000B0194D9DA12C99243327992722275D9D79
:102DC000A00C911C301F901F201FAD9D900C311D39
:102DD000901F201F4C9DA00C911C301F901F201F86
:102DE0005C9D900C311D901F201FAC9D300D911DDE
:102DF000201F4B9D900C311D901F201F5B9D300D9F
:102E0000911D201FAB9D900D211D4B9F300D911DDD
:102E1000201F5B9F900D211DAB9F200DB1E0BB24B7
:102E2000CC24DD24639FD018C108B00AB00B739F77
:102E3000C018B108B00B839FB018B109699FC018C2
:102E4000B108B00B799FB018B109899FB019629F82
:102E5000B018B109729FB019D61AC70AB80A20F083
:102E6000B1E03B0F901F201F1124792F632F90E0BA
:102E7000822F0F900F900F900F900F90DF91CF91B6
:102E80001F910F91FF90EF90DF90CF90BF90AF9088
:102E90009F900895AF92BF92CF92DF92EF92FF92F0
:102EA0000F931F93CF93DF93C2E7DCE00AED16E0A8
:102EB00082E8A82E8CE0B82EC12CD12C7601C394C8
:102EC00069917991899199910E9494B02889398961
:102ED0004A895B890E94F5B00E9482B6F80161932D
:102EE0007193819391938F01C616D706E806F90670
:102EF00010F46B017C01AC16BD0611F76FEF7FEF8C
:102F0000CB01A70196010E946AB42093EA06309390
:102F1000EB064093EC065093ED06DF91CF911F91A5
:102F20000F91FF90EF90DF90CF90BF90AF900895FA
:102F3000CF92DF92EF92FF9280914704882309F4A9
:102F400057C0C0904304D0904404E0904504F090F2
:102F5000460420E030E0A901C701B6010E9490B00C
:102F6000882309F445C020E030E040E05FE3C7017A
:102F7000B6010E94F5B09B01AC010E94F5B02BEDAB
:102F80003FE049E450E40E94F5B09B01AC0160E0F1
:102F900070E080E89FE30E9415B66B017C01C0924F
:102FA0001704D0921804E0921904F0921A04609168
:102FB000170270911802072E000C880B990B0E94C3
:102FC00096B02AE037ED43E25CE30E94F5B0A7013A
:102FD00096010E94F5B060934B0270934C0280936F
:102FE0004D0290934E02FF90EF90DF90CF900895A6
:102FF000C12CD12C80E8E82E8FE3F82ED0CF809121
:10300000CF0E9091D00E891B8F7019F490E080E064
:1030100008959091CC0E992351F0833030F48FEFC6
:10302000890F19F08093CC0EF1CF1092CC0E8091C5
:10303000D00E27E5829FC00111248F5F984FFC01BD
:10304000208120FDE3CF2091D00E2F5F2F702093A1
:10305000CD0E3091D00E2091CE0E321304C02091AF
:10306000CD0E2093CE0E0895FC017081472F50E0C5
:10307000062E02C0559547950A94E2F740FF14C00A
:103080004091FA0350E0062E02C0559547950A94E8
:10309000E2F740FF09C021E030E001C0220F6A954D
:1030A000EAF72095272320830895CF93DF9324E028
:1030B000829FC0011124EC01C654D34FFC01E2559C
:1030C000F94F85509C4FDC012D913D914D915C91C4
:1030D00060817181828193810E9439B5688379838F
:1030E0008A839B83DF91CF9108958F929F92AF92B5
:1030F000BF92CF92DF92EF92FF92CF93DF93209116
:103100001B02222309F48EC0EC018091FA03E82E01
:1031100080FF2CC080901D0290901E02A0901F0284
:10312000B0902002288139814A815B81C501B401B8
:103130000E945FB7181624F488829982AA82BB8203
:103140008090290290902A02A0902B02B0902C022D
:10315000288139814A815B81C501B4010E9490B008
:1031600087FF04C088829982AA82BB82E1FE2CC0BC
:103170008090210290902202A0902302B09024021D
:103180002C813D814E815F81C501B4010E945FB7F2
:10319000181624F48C829D82AE82BF8280902D020C
:1031A00090902E02A0902F02B09030022C813D8191
:1031B0004E815F81C501B4010E9490B087FF04C0B9
:1031C0008C829D82AE82BF82E2FE2CC0C09025021E
:1031D000D0902602E0902702F090280228853985B9
:1031E0004A855B85C701B6010E945FB7181624F4B3
:1031F000C886D986EA86FB86C0903102D09032021A
:10320000E0903302F0903402288539854A855B8549
:10321000C701B6010E9490B087FF04C0C886D98656
:10322000EA86FB86DF91CF91FF90EF90DF90CF9001
:10323000BF90AF909F908F9008958091F6039091EA
:10324000F703A091F803B091F903809313029093D0
:103250001402A0931502B09316028091F40390918A
:10326000F503909312028093110208958091130246
:1032700090911402A0911502B09116028093F6036A
:103280009093F703A093F803B093F9038091110290
:10329000909112029093F5038093F40384E690E0FA
:1032A0009093120280931102089590E080E00895B7
:1032B0002091BE03833021F425FD0CC024FD0CC0F9
:1032C00030E0A90102C0559547958A95E2F7CA01F9
:1032D0008170089581E0089580E008958091DA0377
:1032E00084FD0BC08091DC0387FD07C09091DD0356
:1032F000937081E019F480E0089581E008952FEB48
:10330000280F2A3108F047C0E22FF0E08091DA035D
:103310009091DB03A091DC03B091DD0304C0B6956E
:10332000A795979587952A95D2F780FD02C0817061
:103330000895E054FC4FE081EE2341F18091BB06FB
:103340009091BC06E80FF92FF11D808190ED980F48
:103350009A3030F08E3251F4818180538A3098F463
:10336000F093BB03E093BA0381E008958D3211F02E
:103370008B3249F4818190ED980F9A3088F38E3228
:1033800011F48281EACFF0E0E0E0EACF1092BB03D3
:103390001092BA03E9CF80E00895B1DF882341F0AD
:1033A00081E02091BA033091BB03232B09F480E024
:1033B0000895E9EAF3E080EF9FEFA9E7B4EC848396
:1033C0009583A683B78380839183A283B383E3E944
:1033D000F3E08DE98183808308958F929F92AF926D
:1033E000BF92CF92DF92EF92FF92FC0198E0A9E3A7
:1033F000B4E001900D929A95E1F788E0FB01A0E31B
:10340000B4E001900D928A95E1F7C0903904D09014
:103410003A04E0903B04F0903C0420E030E0A90145
:10342000C701B6010E9490B08823E1F1A70196017F
:1034300060E070E080E89FE30E9415B66B017C01BC
:1034400080903D0490903E04A0903F04B0904004D2
:1034500020E030E0A901C501B4010E9490B08823AA
:1034600029F1A501940160E070E080E89FE30E94EB
:1034700015B6C092A103D092A203E092A303F092EA
:10348000A4036093A5037093A6038093A70390936E
:10349000A803FF90EF90DF90CF90BF90AF909F90E8
:1034A0008F900895C12CD12C7601CACF60E070E0D6
:1034B000CB01DFCF10923404109235041092360401
:1034C000109237041092300410923104109232049A
:1034D0001092330410923D0410923E0410923F0467
:1034E000109240041092390410923A0410923B0456
:1034F00010923C04E8E4F4E080E090E0A0ECBFE748
:1035000080839183A283B38384839583A683B783C7
:1035100080879187A287B38784879587A687B78797
:10352000709624E0E838F20759F70895682F880F5D
:10353000770B880B990B0C94658CCF93DF93EC0180
:10354000C43081E0D8076CF184E091E09093B90D2C
:103550008093B80DC4E0D1E06091B40D7091B50DC9
:103560008091B60D9091B70D0E947DB66E5F7F4F32
:1035700025976C177D07DCF470930C0560930B05A1
:103580000E94D4946058794687469F4F60930D05FA
:1035900070930E0580930F0590931005DF91CF91E6
:1035A0000895D093B90DC093B80D2097A9F6109245
:1035B0000D0510920E0510920F0510921005EECF1A
:1035C0000F931F93CF93DF9306E81CE0CFEED6E076
:1035D000F80121913191419151918F0160E070E0AA
:1035E00080E89FE30E9415B6699379938993999334
:1035F000F6E0CF3FDF0761F70E94978EDF91CF9112
:103600001F910F9147CC4F925F926F927F928F9252
:103610009F92AF92BF92CF92DF92EF92FF920F9361
:103620001F93CF93DF93EC0120913004309131044C
:103630004091320450913304688179818A819B8161
:103640000E9438B56B017C0120913404309135041F
:1036500040913604509137046C817D818E819F8129
:103660000E9438B54B015C01A70196016091A90346
:103670007091AA038091AB039091AC030E9490B02B
:10368000882309F450C0C092A903D092AA03E09203
:10369000AB03F092AC032091A1033091A2034091BF
:1036A000A3035091A403C701B6010E94F5B02B01FA
:1036B0003C010E94AEB66B017C0120E030E0A90124
:1036C0000E9490B087FD70C020E030E040E050E400
:1036D000C701B6010E945FB718162CF4C12CD12C7B
:1036E000E12CA0E4FA2EA7019601C301B2010E94C9
:1036F00038B56093990370939A0380939B039093DA
:103700009C03C701B6010E947DB660939703062E05
:10371000000C770B6F5F7F4F6330710514F063E02F
:1037200070E060939503D0919303C0919703A50136
:1037300094016091AD037091AE038091AF039091BD
:10374000B0030E9490B0811133C0DC1381C020917E
:103750007B0330917C0340917D0350917E03609107
:10376000990370919A0380919B0390919C030E940E
:10377000F5B020917F0330918003409181035091F7
:1037800082030E9439B5DF91CF911F910F91FF9075
:10379000EF90DF90CF90BF90AF909F908F907F90F1
:1037A0006F905F904F900895C12CD12C76019BCFE4
:1037B0008092AD039092AE03A092AF03B092B0039B
:1037C0002091A5033091A6034091A7035091A8032F
:1037D000C501B4010E94F5B04B015C010E94AEB678
:1037E0006B017C0120E030E0A9010E9490B087FDD0
:1037F000F4C020E030E040E050E4C701B6010E9490
:103800005FB718162CF4C12CD12CE12CF0E4FF2E5C
:10381000A7019601C501B4010E9438B560939D03CC
:1038200070939E0380939F039093A003C701B601FA
:103830000E947DB660939803062E000C770B6F5F95
:103840007F4F6330710514F063E070E0609396037E
:1038500000919803DC1305C080919403801709F44C
:1038600071C08091970390919803909394038093F3
:103870009303002E000C110B24E0C202C00111249E
:10388000FC01E00FF11FEE0FFF1FEE0FFF1FE85BC3
:10389000FB4F208131814281538120938F033093EC
:1038A00090034093910350939203C09196030C2E82
:1038B000000CDD0BFC01EC0FFD1FEE0FFF1FEE0FE8
:1038C000FF1FE85BFB4F60817181828193810E94C1
:1038D00038B560938B0370938C0380938D03909322
:1038E0008E038091950324E08202C0011124FC0123
:1038F000E00FF11FEE0FFF1FEE0FFF1FE85BFB4F06
:103900002081318142815381209387033093880342
:103910004093890350938A03C80FD91FCC0FDD1F32
:10392000CC0FDD1FC85BDB4F688179818A819B8169
:103930000E9438B56093830370938403809385035A
:103940009093860380909D0390909E03A0909F0388
:10395000B090A00320918B0330918C0340918D0394
:1039600050918E03C501B4010E94F5B020918F03E0
:103970003091900340919103509192030E9439B588
:103980006B017C01C0927F03D0928003E09281039F
:10399000F092820320918303309184034091850348
:1039A00050918603C501B4010E94F5B020918703B0
:1039B000309188034091890350918A030E9439B560
:1039C000A70196010E9438B560937B0370937C0336
:1039D00080937D0390937E03BACEC12CD12C7601C7
:1039E00017CFCF93DF93CDB7DEB72C970FB6F894F0
:1039F000DEBF0FBECDBF19821A821B821C821D82C0
:103A00001E821F82188619861A861B861C86AE01A6
:103A10004F5F5F4FBC018FE492E00E94278E2C968F
:103A20000FB6F894DEBF0FBECDBFDF91CF910895E2
:103A30002F923F924F925F926F927F928F929F92BE
:103A4000AF92BF92CF92DF92EF92FF920F931F93AC
:103A5000CF93DF93D62FC72FFC0180809180A28067
:103A6000B380C501B40120E831E541E050E00E9497
:103A70006AB4C9016DE671E00E94C1B46B017C01BA
:103A8000C501B40120E13EE040E050E00E946AB48C
:103A9000CA01B90128E130E040E050E00E946AB478
:103AA000362E272E062F172F8CE3482E512C612CF3
:103AB000712CC501B401A30192010E946AB4B62E13
:103AC000A72ECA01B901A30192010E946AB4CB01D9
:103AD000C114D10479F1AF92BF927F936F932F926B
:103AE0003F92FF92EF92DF92CF9282E690E19F9316
:103AF0008F93CF93DF930E9461B08DB79EB70E96E0
:103B00000FB6F8949EBF0FBE8DBF8D2F9C2FDF91F7
:103B1000CF911F910F91FF90EF90DF90CF90BF90CA
:103B2000AF909F908F907F906F905F904F903F905D
:103B30002F900895E114F104C9F0AF92BF927F93E2
:103B40006F932F923F92FF92EF9282E590E19F93C5
:103B50008F93CF93DF930E9461B0EDB7FEB73C9691
:103B60000FB6F894FEBF0FBEEDBFCFCF012BB9F05B
:103B7000AF92BF927F936F932F923F9286E490E132
:103B80009F938F93CF93DF930E9461B08DB79EB7C1
:103B90000A960FB6F8949EBF0FBE8DBFB6CF892B85
:103BA000A9F0AF92BF927F936F938EE390E19F93C2
:103BB0008F93CF93DF930E9461B0EDB7FEB7389635
:103BC0000FB6F894FEBF0FBEEDBF9FCFAF92BF926E
:103BD0008AE390E19F938F93CF93DF930E9461B02C
:103BE0000F900F900F900F900F900F908ECFCF925D
:103BF000DF92EF92FF926B017C0183E3C816D10440
:103C0000E104F10470F082E3C81AD108E108F10878
:103C100062E370E080E090E00E9417940E94E29DD1
:103C2000ECCFC701B6010E941794FF90EF90DF9090
:103C3000CF900C94E29D8091BA039091BB030097C2
:103C400031F04AE050E070E060E00C94D0AD60E00C
:103C500070E0CB010895EFDF97FD0AC0ECDF6F3F06
:103C600071058105910509F02CF4E5DF862F089593
:103C700080E008958FEF0895CF93C62F8EDB8823C1
:103C800011F0CF91E8CF8C2FCF9108958091BA0396
:103C90009091BB03892B39F0DEDF91E0811101C0E7
:103CA00090E0892F089591E0FCCFCF93DF93C82F48
:103CB000D62F73DB882319F0DF91CF91E7CF8C2FBC
:103CC0001EDB811101C08D2FDF91CF910895B3DFED
:103CD000CB010895CF93DF93EB015FDB882319F0CD
:103CE000DF91CF91F4CFCE01DF91CF9108950F9363
:103CF0001F93CF938091BA039091BB03009709F172
:103D0000FC018F01C1912C2F2F7DA1F0C53431F022
:103D1000C53621F0C83511F0C83799F7F80110827F
:103D200070E060E00E947BACF801C083CF911F91EE
:103D30000F91089570E060E0CF911F910F910C9466
:103D40007BAC60E070E0CB01F1CFCF92DF92EF92DD
:103D5000FF926A017B0121DB882329F0FF90EF901D
:103D6000DF90CF90C4CFC701B601FF90EF90DF90F6
:103D7000CF9008954F925F926F927F92AF92BF92D1
:103D8000CF92DF92EF92FF920F931F93CF9388EE23
:103D9000A82E82E0B82E97E0E92E94E0F92E0FE4E9
:103DA00012E02AEBC22E2CE0D22EC0E0F501819168
:103DB0005F01F3DA882309F4A2C099DF2B013C01EB
:103DC0008C2F76DA882309F490C0F80120813181A4
:103DD00042815381C301B2010E9439B5F70160836A
:103DE000718382839383CF5FF4E0EF0EF11C0C5F4D
:103DF0001F4F84E0C80ED11CC330C1F685E4CDDA74
:103E0000882309F487C073DF6B017C0183E050DAFB
:103E1000882371F020915B0230915C0240915D0239
:103E200050915E02C701B6010E9439B56B017C0159
:103E3000C0921304D0921404E0921504F092160478
:103E400040E050E0BA0186E480DF20E030E0A901E4
:103E50000E945FB718167CF44ADF20E030E040E7AC
:103E600052E40E9415B6609313027093140280937B
:103E70001502909316028091710C83FD28C08091E9
:103E80001205882321F120915B0230915C02409160
:103E90005D0250915E026091130470911404809150
:103EA0001504909116040E9438B52091D2063091E5
:103EB000D3064091D4065091D5060E9439B560933F
:103EC000D2067093D3068093D4069093D506CF91F3
:103ED0001F910F91FF90EF90DF90CF90BF90AF9028
:103EE0007F906F905F904F900895F601208131810F
:103EF00042815381C301B2010E9438B56FCFF801EE
:103F000080819181A281B381F70180839183A28313
:103F1000B38369CF80915B0290915C02A0915D02B6
:103F2000B0915E028093130490931404A09315043F
:103F3000B093160485CF0F930FB70F9300916E00C7
:103F40000F930D7F00936E0000916F000D7F009323
:103F50006F000F930BB70F930CB70F921F922F9315
:103F60003F934F935F936F937F938F939F93AF9301
:103F7000BF93EF93FF931124DBD5FF91EF91BF9196
:103F8000AF919F918F917F916F915F914F913F91F1
:103F90002F911F900F900CBF0F910BBF0F910260DC
:103FA000F89400936F000F9100936E000F910FBF74
:103FB0000F91189500008091150580FF22C0899A05
:103FC0008FEF80938C048091150581FF1DC08F9A1F
:103FD0008FEF80938D048091150582FF18C080912A
:103FE0000B018270809309018FEF80938E04809182
:103FF000150583FF14C0169A8FEF80938F0400007D
:104000000895899881E0DDCF8F9881E0E2CF80919B
:104010000B01809582708093090181E0E6CF1698AC
:1040200081E0EBCF80918B04877F80938B04129A81
:1040300081E0089580E00E94211681E00E9421160F
:1040400082E00E942116EECF129880918B04886046
:1040500080938B040895813089F070F0823081F074
:1040600021E030E001C0220F8A95EAF780918B04AD
:10407000822B80938B0408955F98F2CF8A98F0CFBB
:1040800090910801917090930601EACFCF93DF934E
:1040900080911B04811119C0C0911902D0911A029C
:1040A000219720E030E040E05FE36091B40D709133
:1040B000B50D8091B60D9091B70D0E9439B50E9453
:1040C0007DB621E06C177D070CF020E0822FDF9198
:1040D000CF910895CF93DF9320913804222371F07C
:1040E000EC0191DA9B01AC01688579858A859B8515
:1040F0000E9439B5688779878A879B87DF91CF913E
:1041000008952F923F924F925F926F927F928F927B
:104110009F92AF92BF92CF92DF92EF92FF920F9356
:104120001F93CF93DF93CDB7DEB7A0970FB6F89468
:10413000DEBF0FBECDBF1C017B015E834D83FC0142
:10414000EA5BFF4F208131814281538129833A8389
:104150004B835C83CA01B9010E9494B04B015C019E
:10416000D7012D913D914D915C910E94F5B00E9437
:10417000FFB52B013C01ED81FE812081318142811F
:104180005381C501B4010E94F5B00E94FFB56B01D7
:104190007C01C301B2010E9482B669877A878B874E
:1041A0009C87683771058105910540F428E730E068
:1041B00040E050E029873A874B875C87C701B6010A
:1041C0000E9482B66D877E878F87988B68377105CE
:1041D0008105910548F428E7C22ED12CE12CF12C61
:1041E000CD86DE86EF86F88AD1019596CD90DD905A
:1041F000ED90FC909897CD82DE82EF82F886F101F7
:10420000EE5AFF4F60817181828193816115710542
:104210008105910509F49FC10E9496B06D8B7E8B3C
:104220008F8B988F9B01AC0160E070E080E89FE38A
:104230000E9415B6698F7A8F8B8F9C8F20E030E0BB
:1042400040E05FE30E94F5B06B017C01A5019401A1
:10425000C501B4010E94F5B02B013C016D857E853E
:104260008F8598890E9494B09B01AC010E94F5B0A3
:104270009B01AC01C301B2010E9438B5A7019601B0
:104280000E94F5B04B015C0169857A858B859C8520
:104290000E9494B09B01AC010E94F5B06D8F7E8F9F
:1042A0008F8F98A39B01AC01C301B2010E9438B566
:1042B000A70196010E94F5B02B013C010E94FFB5B9
:1042C0000E9482B66B017C01C501B4010E94AEB6AA
:1042D0000E9482B6698B7A8B8B8B9C8BDC01CB0125
:1042E0008C0D9D1DAE1DBF1D2D813E814F815885BA
:1042F000281B390B4A0B5B0BDA01C901B7FF61C000
:104300006D817E818F8198850E9494B0A301920176
:104310000E9439B5A50194010E9438B520E030E033
:1043200040E05FE30E94F5B00E94FFB56B017C01A5
:1043300020E030E0A9010E945FB718161CF0C12CE4
:10434000D12C7601C701B6010E9482B66B017C01B7
:104350004D815E816F8178854C155D056E057F0509
:1043600010F46A017B016D817E818F8198856C19C3
:104370007D098E099F09698B7A8B8B8B9C8BC7017A
:10438000B6010E9494B04B015C012D893E894F8992
:10439000588DCA01B9010E9439B59B01AC01C50114
:1043A000B4010E94F5B02D8D3E8D4F8D58A10E9415
:1043B00039B50E94A4B70E9482B669837A838B8341
:1043C0009C8320E034E244EF59E4698D7A8D8B8D33
:1043D0009C8D0E94F5B04B015C0169817A818B81D3
:1043E0009C8129853A854B855C85621B730B840B08
:1043F000950B0E9494B0A50194010E94F5B00E9413
:1044000082B62B013C0169817A818B819C812D854B
:104410003E854F855889621B730B840B950B0E9458
:1044200094B0A50194010E94F5B00E9482B64B01A0
:104430005C013FE6431651046104710408F097C023
:10444000F201EE0FFF1FEE0FFF1FE554FD4E8591A9
:104450009591A591B4918C01AD8BBD834FE68416E7
:104460009104A104B10408F08AC0F401EE0FFF1F0B
:10447000EE0FFF1FE554FD4E4591559165917491E6
:104480009A01CB01D1019996CD92DD92ED92FC92E9
:104490009C9795964D915D916D917C919897C98867
:1044A000DA88EB88FC884C195D096E097F099D96B6
:1044B0004D935D936D937C93D097F101E65BFF4F35
:1044C000C984DA84EB84FC84C082D182E282F382E4
:1044D000D5964D925D926D927C92D897F10181AE06
:1044E00092AEA3AEB4AEFD9600831183CD88C28296
:1044F000DD80D38234962083318382839383C98085
:10450000DA80EB80FC80D196CD92DD92ED92FC9228
:10451000D4973D96CD84DE84EF84F888C082D18222
:10452000E282F382A0960FB6F894DEBF0FBECDBF35
:10453000DF91CF911F910F91FF90EF90DF90CF907F
:10454000BF90AF909F908F907F906F905F904F90B3
:104550003F902F900895198E1A8E1B8E1C8E198AEB
:104560001A8A1B8A1C8AC12CD12C76012ACFC3013E
:10457000B2010E944D168B018D8B9D836FCFC501BB
:10458000B4010E944D169B017DCF90916F0081E098
:1045900091FD02C080E0089590916F009D7F9093FF
:1045A0006F000895EFE6F0E08081826080830895D7
:1045B0008F929F92AF92BF92CF92DF92EF92FF9233
:1045C0000F931F93CF93DF93182F84E0189FE00180
:1045D0001124123008F046C0D8DF082FD6DF8090B3
:1045E000E1049090E204A090E304B090E40481110F
:1045F000D9DFCBDFC090E504D090E604E090E7047B
:10460000F090E8048111CEDF0111CCDF113019F5F3
:10461000C501B4016C197D098E099F090E9496B0ED
:1046200020E030E040E05FE30E94F5B0C151D94F97
:10463000288139814A815B810E94F5B0DF91CF9159
:104640001F910F91FF90EF90DF90CF90BF90AF90B0
:104650009F908F900895C701B601680D791D8A1D3E
:104660009B1DDCCF92DFFE01EF51FB4FC080D1805C
:10467000E280F380811196DFC701B6010E9496B0F7
:10468000D5CF8F929F92AF92BF92CF92DF92EF924F
:10469000FF921F93CF93DF93CDB7DEB760970FB62E
:1046A000F894DEBF0FBECDBF182F80E081DF4B0135
:1046B0005C018092E8039092E903A092EA03B09231
:1046C000EB0381E075DF6B017C01C092EC03D092BB
:1046D000ED03E092EE03F092EF0382E069DF609376
:1046E000F0037093F1038093F2039093F3031D861C
:1046F0001E861F86188A89829A82AB82BC82CD82EE
:10470000DE82EF82F88669877A878B879C8783E0D1
:104710004FDF6D877E878F87988B80913804882341
:1047200081F0CE0101960E94031B9B01AC016985BB
:104730007A858B859C850E9438B569877A878B87B7
:104740009C871E3FD9F480E1FE013196AFE4B2E0D0
:1047500001900D928A95E1F760960FB6F894DEBF4E
:104760000FBECDBFDF91CF911F91FF90EF90DF90F3
:10477000CF90BF90AF909F908F90089584E0189F46
:10478000F0011124DF01A15BBD4F81E090E08C0FAF
:104790009D1FE80FF91F40815181628173814D9304
:1047A0005D936D937C931397D7CFCF92DF92EF9267
:1047B000FF92CF93DF93C82FE8DE94E0C99FE0011A
:1047C0001124FE01EB52FB4FC080D180E280F380C8
:1047D0008111E8DEC151D94FC701B6010E9496B0E0
:1047E000288139814A815B810E94F5B0DF91CF91A8
:1047F000FF90EF90DF90CF900895CF93DF93CDB7E8
:10480000DEB72C970FB6F894DEBF0FBECDBF0E9467
:10481000438DBBDE9CE0E1EEF4E0DE0111960190F9
:104820000D929A95E1F78111BDDECE0101960E94AD
:10483000BEA12C960FB6F894DEBF0FBECDBFDF91A0
:10484000CF9108952F923F924F925F926F927F92F5
:104850008F929F92AF92BF92CF92DF92EF92FF9290
:104860000F931F93CF93DF9300D000D01F92CDB74B
:10487000DEB780914F0290915002A0915102B09109
:1048800052028A839B83AC83BD8340905302509035
:10489000540260905502709056028090570290909A
:1048A0005802A0905902B0905A02C0905B02D0907A
:1048B0005C02E0905D02F0905E020E944A1781E087
:1048C0008093BB0D0E94981703E815E1ADE1B2E0BB
:1048D000BF83AE8387E7282E85E1382E1982898130
:1048E0000E945518F80185919591A591B491EE819A
:1048F000FF8181939193A193B193FF83EE83F101A3
:1049000085919591A591B491EE81FF8180879187E2
:10491000A287B387F981FF5FF9830C5F1F4F84E0A3
:10492000280E311CF330D9F60E94D9190E94E01AE2
:104930002A813B814C815D8160914F0270915002D0
:1049400080915102909152020E9490B081112AC030
:10495000A30192016091530270915402809155021B
:10496000909156020E9490B081111CC0A501940143
:1049700060915702709158028091590290915A02A9
:104980000E9490B081110EC0A701960160915B0258
:1049900070915C0280915D0290915E020E9490B0E5
:1049A0008823C9F027960FB6F894DEBF0FBECDBF9F
:1049B000DF91CF911F910F91FF90EF90DF90CF90FB
:1049C000BF90AF909F908F907F906F905F904F902F
:1049D0003F902F9012CF27960FB6F894DEBF0FBEF0
:1049E000CDBFDF91CF911F910F91FF90EF90DF909E
:1049F000CF90BF90AF909F908F907F906F905F907F
:104A00004F903F902F900895CF93DF931F92CDB793
:104A1000DEB7898360E0CE0101960E94341861E020
:104A2000CE0101960E94341862E0CE0101960E94E8
:104A3000341889810F90DF91CF9108950C94978E4F
:104A400080911405811105C08091A106882309F485
:104A50006EC08091E703659B5AC081608093E70335
:104A6000909103018091E70390FF53C0826080938F
:104A7000E7038091E703639B4EC088608093E70360
:104A80008091E7034A9B49C084608093E70380914B
:104A9000C50480FF10C08091150584FF0CC0809173
:104AA000E70380FF08C080919F06816080939F0686
:104AB00080E00E94F2A18091C50481FF10C0809126
:104AC000150585FD0CC08091E70381FF08C080912A
:104AD0009F06826080939F0681E00E94F2A18091F0
:104AE000C50482FF24C08091150582FF18C0809103
:104AF000A1068823E1F08091E70383FF18C080912D
:104B00009F06886080939F0682E00C94F2A18E7FBE
:104B1000A5CF8D7FACCF877FB1CF8B7FB6CF809174
:104B2000E70382FF04C080919F068460EBCF089565
:104B30002F923F924F925F926F927F928F929F92AD
:104B4000AF92BF92CF92DF92EF92FF920F931F939B
:104B5000CF93DF93CDB7DEB762970FB6F894DEBF81
:104B60000FBECDBF8FEF9FEF909389008093880099
:104B70002AE0298B312C212C78948091CE049091BD
:104B8000CF04A091D004B091D104892B8A2B8B2B18
:104B900009F0D6C18091D4048823D1F08091D20449
:104BA0009091D3041092D404892B91F01092D304E5
:104BB0001092D2041092C5049091CF0E8091D00E25
:104BC000981731F08091D00E8F5F8F708093D00E48
:104BD0008091D2049091D304892B09F4B1C1409102
:104BE000CA045091CB046091CC047091CD048091A3
:104BF000C6049091C704A091C804B091C904481795
:104C000059076A077B0708F09BC100919E0610E0D8
:104C100030E020E0841B950BA60BB70B0817190793
:104C20002A073B0710F4D901C8018A8B840F951F0E
:104C3000A61FB71F8093CA049093CB04A093CC0403
:104C4000B093CD04E1E0C0909404D0909504E0903E
:104C50009604F09097048091A4049091A504A091EB
:104C6000A604B091A704C80ED91EEA1EFB1EC0926E
:104C7000A404D092A504E092A604F092A704F7FC45
:104C800018C08091900490919104A0919204B091E9
:104C90009304B701A601481B590B6A0B7B0BDB0180
:104CA000CA018093A4049093A504A093A604B09392
:104CB000A704009198041091990420919A043091CE
:104CC0009B048091A8049091A904A091AA04B0919A
:104CD000AB04080F191F2A1F3B1F0093A804109351
:104CE000A9042093AA043093AB0437FD18C0809127
:104CF000900490919104A0919204B09193042801A2
:104D00003901481A590A6A0A7B0AD301C201809301
:104D1000A8049093A904A093AA04B093AB04409173
:104D20009C0450919D0460919E0470919F04809119
:104D3000AC049091AD04A091AE04B091AF04480FC3
:104D4000591F6A1F7B1F4093AC045093AD046093BE
:104D5000AE047093AF0477FD18C0809190049091D9
:104D60009104A0919204B09193043A014B01681A06
:104D7000790A8A0A9B0AD401C3018093AC049093F8
:104D8000AD04A093AE04B093AF048090A0049090C3
:104D9000A104A090A204B090A3048091B0049091CB
:104DA000B104A091B204B091B304880D991DAA1D5D
:104DB000BB1D8093B0049093B104A093B204B09350
:104DC000B304B7FD18C08090900490909104A09017
:104DD0009204B09093042C013D01481859086A08C8
:104DE0007B08530142018092B0049092B104A092DA
:104DF000B204B092B304E11104C0E0918400F091D8
:104E00008500F7FC1CC040908C04042C000C550855
:104E1000660877088090E1049090E204A090E30493
:104E2000B090E404840C951CA61CB71C8092E1048D
:104E30009092E204A092E304B092E404889A37FDD1
:104E40001CC040908D04042C000C5508660877089F
:104E50008090E5049090E604A090E704B090E80408
:104E6000840C951CA61CB71C8092E5049092E60465
:104E7000A092E704B092E8048E9A77FD21C040909A
:104E80008E04042C000C5508660877088090E9040D
:104E90009090EA04A090EB04B090EC04840C951C74
:104EA000A61CB71C8092E9049092EA04A092EB043D
:104EB000B092EC04E0910B01E095E870E0930901F9
:104EC000B7FD1CC040908F04042C000C55086608E8
:104ED00077088090ED049090EE04A090EF04B090DD
:104EE000F004840C951CA61CB71C8092ED049092D3
:104EF000EE04A092EF04B092F004149AE0918400C2
:104F0000F0918500E0918400F0918500F7FE88988B
:104F100037FF8E9877FD05C020910B0128702093F4
:104F20000901B7FF14985A88552021F08091840018
:104F3000909185002A8921502A8BE0E0211183CEAF
:104F40008091CE049091CF04A091D004B091D1046F
:104F5000892B8A2B8B2B09F078C1E091D204F09138
:104F6000D304309709F483C58091CA049091CB048F
:104F7000A091CC04B091CD044091C6045091C704D7
:104F80006091C8047091C90484179507A607B707F4
:104F900008F4A9C11092D3041092D2041092C5044F
:104FA0009091CF0E8091D00E981709F460C5809132
:104FB000D00E8F5F8F708093D00E70EDC72E77E08C
:104FC000D72EE12CF12C8091D2049091D304892B1F
:104FD00009F033C10E94FF179093D3048093D20449
:104FE000892B09F42AC1E091D204F091D304808185
:104FF00083FD21C5458956896789708DC18CD28C06
:10500000E38CF48CDF01AB5BBF4F8C918A8B81E02A
:105010004C155D056E057F0509F025C580E041153D
:1050200051056105710551F02A8921709A8996957B
:10503000917081E0291380E0291315C5058D168D27
:10504000278D30A1011511052105310509F0846076
:105050008093C5041092B4041092B5041092B60463
:105060001092B7041092BD041092BE041092BF04B7
:105070001092C00485A196A1A7A1B0A58093C604F3
:105080009093C704A093C804B093C90488249924BA
:105090005401881A990AAA0ABB0A8092A404909221
:1050A000A504A092A604B092A7048092A8049092AE
:1050B000A904A092AA04B092AB048092AC0490928E
:1050C000AD04A092AE04B092AF048092B00490926E
:1050D000B104A092B204B092B30481A092A0A3A0A4
:1050E000B4A0880C991CAA1CBB1C440F551F661F3A
:1050F000771F4093940450939504609396047093A3
:105100009704CC0CDD1CEE1CFF1CC0929804D092BE
:105110009904E0929A04F0929B04000F111F221F41
:10512000331F00939C0410939D0420939E0430939E
:105130009F048092A0049092A104A092A204B09235
:10514000A304880F991FAA1FBB1F809390049093FC
:105150009104A0939204B09393041092CA04109205
:10516000CB041092CC041092CD0481A592A5A3A5E6
:10517000B4A58093C1049093C204A093C304B093D8
:10518000C40485A596A5A7A5B0A98093B90490935A
:10519000BA04A093BB04B093BC04809115059A890E
:1051A000891721F0909315050E94DA1F49DC4424E9
:1051B0004A94542C32014092350250923602609249
:1051C000370270923802E091D204F091D304DF01EB
:1051D000DD96ED90FD900D911C9121A932A943A976
:1051E00054A9E65BFF4F60817181828193810E94A7
:1051F000CF151092B804E091D204F091D304E65B8D
:10520000FF4F60817181828193810E9438916B018F
:105210007C018091BD049091BE04A091BF04B09127
:10522000C0048C0D9D1DAE1DBF1D8093BD049093C9
:10523000BE04A093BF04B093C004C092CE04D09229
:10524000CF04E092D004F092D1048091CE049091EA
:10525000CF04A091D004B091D104AC01BD0100975E
:1052600021E0A207B10520F04FEF5FEF60E070E0B2
:10527000841B950BA60BB70B8093CE049093CF04A1
:10528000A093D004B093D104F894809184009091BD
:105290008500409639893150398B332309F4E5C3B1
:1052A000240E351E2816390608F466CC3092890083
:1052B0002092880062960FB6F894DEBF0FBECDBF75
:1052C000DF91CF911F910F91FF90EF90DF90CF90E2
:1052D000BF90AF909F908F907F906F905F904F9016
:1052E0003F902F9008954091C1045091C204609165
:1052F000C3047091C404481759076A077B0708F470
:10530000A2C14091BD045091BE046091BF04709150
:10531000C00485A996A9A7A9B0AD481759076A077F
:105320007B0708F08BC1411551056105710529F511
:1053300080915F0390916003A0916103B09162033B
:10534000BC012A2F9B2F822F0E9438916B017C0178
:105350008091BD049091BE04A091BF04B091C0049F
:105360008C0D9D1DAE1DBF1D8093BD049093BE048A
:10537000A093BF04B093C00426CEF0E0E981CA0137
:10538000262FAA817B816C815D814E81BF8138850A
:1053900040915B03489F612D5527B0915C03B89FF6
:1053A000600D511D10905D03189E500D499F600DBA
:1053B000511DB99F500D429F500DA62F752FA69FCE
:1053C000412DBB273327A59F400DB11D3F1F769F61
:1053D000400DB11D3F1F759FB00D311DAB2F732FB9
:1053E000A69FE12DBB273327A59FE00DB11D3F1FD1
:1053F000769FE00DB11D3F1F759FB00D311DAB2F86
:10540000732F442780915F03909160032091610383
:1054100000905A030F2A09F483C0B0915603BA9F33
:1054200041198F0B9F0B2F0B309157033A9F401957
:1054300081099F0B2F0BE0915803EA9F8019910976
:105440002F0BB79F401981099F0B2F0B379F801996
:1054500091092F0BE79F90192109A69FE12DBB27EA
:105460003327A59FE00DB11D3F1F769FE00DB11DB5
:105470003F1F759FB00D311DAB2F732FB09152039D
:10548000BA9F410D8F1F9F1F2F1F309153033A9FCB
:10549000400D811D9F1F2F1FE0915403EA9F800D37
:1054A000911D2F1FB79F400D811D9F1F2F1F379FDD
:1054B000800D911D2F1FE79F900D211DA69FE12DAF
:1054C000BB273327A59FE00DB11D3F1F769FE00D41
:1054D000B11D3F1F759FB00D311DAB2F732FB091C4
:1054E0004E03BA9F41198F0B9F0B2F0B30914F0327
:1054F0003A9F401981099F0B2F0BE0915003EA9FBF
:10550000801991092F0BB79F401981099F0B2F0B11
:10551000379F801991092F0BE79F9019210982C0AD
:10552000B0915603BA9F410D8F1F9F1F2F1F3091BF
:1055300057033A9F400D811D9F1F2F1FE091580375
:10554000EA9F800D911D2F1FB79F400D811D9F1F4A
:105550002F1F379F800D911D2F1FE79F900D211D3D
:10556000A69FE12DBB273327A59FE00DB11D3F1F4F
:10557000769FE00DB11D3F1F759FB00D311DAB2F04
:10558000732FB0915203BA9F41198F0B9F0B2F0BB2
:10559000309153033A9F401981099F0B2F0BE091E3
:1055A0005403EA9F801991092F0BB79F4019810975
:1055B0009F0B2F0B379F801991092F0BE79F901995
:1055C0002109A69FE12DBB273327A59FE00DB11D23
:1055D0003F1F769FE00DB11D3F1F759FB00D311D20
:1055E000AB2F732FB0914E03BA9F410D8F1F9F1F9A
:1055F0002F1F30914F033A9F400D811D9F1F2F1F7A
:10560000E0915003EA9F800D911D2F1FB79F400D21
:10561000811D9F1F2F1F379F800D911D2F1FE79FFB
:10562000900D211D1124E983AA837B836C835D8304
:105630004E83BF833887B0E0A22F82CE61A972A9C2
:1056400023A994A980CE4091B9045091BA046091E5
:10565000BB047091BC04481759076A077B0708F020
:10566000C7C18091B804811138C0DF01AF5BBF4F63
:10567000ED90FD900D911C9113971D962D913D91EC
:105680004D915C9161A972A983A994A90E94CF153B
:1056900031E03093B804E091D204F091D30461A9D1
:1056A00072A923A994A9822F0E9438916B017C01D1
:1056B0008091B4049091B504A091B604B091B70460
:1056C0008C0D9D1DAE1DBF1D8093B4049093B50439
:1056D000A093B604B093B70476CC4091B404509133
:1056E000B5046091B6047091B70481AD92ADA3ADDD
:1056F000B4AD481759076A077B0708F072C1411516
:1057000051056105710561F480915F03909160031B
:10571000A0916103B0916203BC012A2F9B2FC3CFDC
:10572000E0E0F985CA01262FBA85AB857C856D85B9
:105730005E854F85388950915B03589F712D662790
:1057400040915C03489F700D611D10905D03189E91
:10575000600D599F700D611D499F600D529F600D36
:10576000B72FA62FB79F512D44273327B69F500D33
:10577000411D3E1FA79F500D411D3E1FA69F400D7E
:10578000311DB42FA32FB79FF12D44273327B69F88
:10579000F00D411D3E1FA79FF00D411D3E1FA69F0E
:1057A000400D311DB42FA32F552780915F03909199
:1057B00060032091610300905A030E2A09F483C00C
:1057C000409156034B9F51198E0B9E0B2E0B30911F
:1057D00057033B9F501981099E0B2E0BF0915803E4
:1057E000FB9F801991092E0B4A9F501981099E0B2E
:1057F0002E0B3A9F801991092E0BFA9F90192109BF
:10580000B79FF12D44273327B69FF00D411D3E1F52
:10581000A79FF00D411D3E1FA69F400D311DB42FC7
:10582000A32F409152034B9F510D8E1F9E1F2E1F81
:10583000309153033B9F500D811D9E1F2E1FF091F1
:105840005403FB9F800D911D2E1F4A9F500D811DFB
:105850009E1F2E1F3A9F800D911D2E1FFA9F900DA7
:10586000211DB79FF12D44273327B69FF00D411D11
:105870003E1FA79FF00D411D3E1FA69F400D311DED
:10588000B42FA32F40914E034B9F51198E0B9E0BAB
:105890002E0B30914F033B9F501981099E0B2E0B0D
:1058A000F0915003FB9F801991092E0B4A9F5019CC
:1058B00081099E0B2E0B3A9F801991092E0BFA9F9E
:1058C0009019210982C0409156034B9F510D8E1FA4
:1058D0009E1F2E1F309157033B9F500D811D9E1F11
:1058E0002E1FF0915803FB9F800D911D2E1F4A9F84
:1058F000500D811D9E1F2E1F3A9F800D911D2E1F42
:10590000FA9F900D211DB79FF12D44273327B69F95
:10591000F00D411D3E1FA79FF00D411D3E1FA69F8C
:10592000400D311DB42FA32F409152034B9F5119AD
:105930008E0B9E0B2E0B309153033B9F5019810908
:105940009E0B2E0BF0915403FB9F801991092E0B97
:105950004A9F501981099E0B2E0B3A9F801991097D
:105960002E0BFA9F90192109B79FF12D4427332759
:10597000B69FF00D411D3E1FA79FF00D411D3E1F1C
:10598000A69F400D311DB42FA32F40914E034B9F76
:10599000510D8E1F9E1F2E1F30914F033B9F500DA8
:1059A000811D9E1F2E1FF0915003FB9F800D911DA6
:1059B0002E1F4A9F500D811D9E1F2E1F3A9F800D46
:1059C000911D2E1FFA9F900D211D1124F987BA8772
:1059D000AB877C876D875E874F87388BB0E0A22FBF
:1059E0009BCEE25BFF4F60817181228193815BCE10
:1059F0008091350290913602A0913702B091380221
:105A0000B7FF10C0EA5BFF4F608171818281938193
:105A10000E9438916093350270933602809337026A
:105A200090933802C0903502D0903602E090370251
:105A3000F0903802C8CACF0145960E9439A2109250
:105A4000D3041092D2041092C5049091CF0E80918D
:105A5000D00E981709F4BECA8091D00E8F5F8F7058
:105A60008093D00EB7CA8260E9CA1C011FCC80EDBA
:105A7000C82E87E0D82EE12CF12CACCA80911405F9
:105A8000811104C08091A106882331F062E070E0AA
:105A900080E090E00C94F71D08950F931F93809180
:105AA000C506813019F50E94D49400911C04109110
:105AB0001D0420911E0430911F04601B710B820B8A
:105AC000930B28EE33E040E050E00E946AB460910E
:105AD0002004709121048091220490912304620F8C
:105AE000731F841F951F1F910F9108956091C10628
:105AF0007091C2068091C3069091C406D6CF1092D1
:105B0000C50610921C0410921D0410921E041092DF
:105B10001F041092C1061092C2061092C306109282
:105B2000C4061092200410922104109222041092B4
:105B300023040895CF93C091C50680E0C13061F180
:105B4000C23061F5AADF6093200470932104809332
:105B500022049093230481E08093C5060E94D4948C
:105B600060931C0470931D0480931E0490931F0483
:105B7000C23089F08091C6069091C7060196909335
:105B8000C7068093C6061092BD061092BE061092FC
:105B9000BF061092C00681E0CF910895B0DFDBCF41
:105BA000CF93DF93C0910805D0910905209729F183
:105BB0006091040570910505809106059091070597
:105BC0000E947DB66E5F7F4F24976C177D07ACF403
:105BD0007093F2046093F1040E94D4946058774C5F
:105BE0008E4F9F4F6093F3047093F4048093F504F9
:105BF0009093F604DF91CF9108951092F3041092E0
:105C0000F4041092F5041092F604F4CF0C94658C11
:105C10008F929F92AF92BF92CF92DF92EF92FF92BC
:105C20000F931F93CF93DF931092DF031092DE0345
:105C30002FE32093E2031092E1031092E00310920D
:105C4000DA031092DB031092DC031092DD039C0157
:105C5000F90190812F5F3F4F9032D1F39E34C9F408
:105C6000818190ED980F9A3020F08D3211F08B32B7
:105C700081F432969F012F5F3F4F808180538A309D
:105C800008F46BC09F012F5F3F4F8081803209F481
:105C900066C0F093BC06E093BB068F010F5F1F4FF9
:105CA000C0816AE270E0C8010E9405B8009731F037
:105CB000FC01319780818032E1F31182CD3421F0F3
:105CC000C43511F0C734E1F5F80180810F5F1F4F33
:105CD0008032D1F380538A3098F5C093E20330E0EC
:105CE00020E06AE0AF014F5F5F4F629FC001639F9A
:105CF000900D11249C01205331098081280F311D02
:105D000087FD3A95FA01808180538A3058F33093A9
:105D1000E1032093E003DF0131968C918032D9F3C7
:105D2000CD3449F52E31310539F0D8F4273131051C
:105D300019F02C313105F9F4B093DF03A093DE03A1
:105D4000DF91CF911F910F91FF90EF90DF90CF9057
:105D5000BF90AF909F908F900895F9018BCFF9017C
:105D600091CF2537310538F02737310528F3203A10
:105D700083E0380709F3D091BB0640E050E0BA0158
:105D800010E000E0C12CD12C7601C394FD013196C6
:105D90008C91882309F47FC08132E1F4CD34D1F4B1
:105DA00020323105B9F44093DA035093DB0360935A
:105DB000DC037093DD03F093DF03E093DE0363E223
:105DC00070E0CF010E9405B8009709F4B9CFFC013B
:105DD0001082B6CF81548A3108F058C0DF019D91FE
:105DE000903291F0A0EDA90FAA30E8F09E3271F444
:105DF000918190539A30B8F00115110519F48F0173
:105E00000150110990E013C0FD01E8CF9D3211F05F
:105E10009B3291F79181A0EDA90FAA3020F09E321C
:105E200059F79281E6CF9E2F9D1B309759F3A82FEB
:105E3000B0E04601570104C0880C991CAA1CBB1C89
:105E40008A95D2F7482959296A297B29A054BC4F41
:105E50009C9380818154DF018A3108F497CFDF0160
:105E60008191882309F492CF90ED980F9A30B8F37E
:105E700093ED980F923098F38B3289F3CD01019610
:105E8000EC91E03209F082CFDC01F8CF0115110569
:105E900001F78D01DECF1093DF030093DE03409303
:105EA000DA035093DB036093DC037093DD0348CF88
:105EB000082E000C990BFC01E85DF04EE491EE23F6
:105EC00091F0F0E0EE0FFF1FEC50F14EA591B49170
:105ED0002C918259904EFC018491282381E090E01E
:105EE00021F480E0089580E090E00895082E000CF1
:105EF000990BFC01E85DF04EE491F0E0EE0FFF1F1E
:105F0000EC56F14EA591B4912C918259904EFC0122
:105F10008491822391E009F490E0892F0895EBEABF
:105F2000F1E09491981739F0319691E0E23CF9074D
:105F3000C1F780E0089581E0089581E00895CF934E
:105F4000DF93EC01E62F660FFF0BE255F14EE49173
:105F5000E250E13108F0B0C0F0E08827ED54F04D98
:105F60008F4F0C94E8B4C42F5C305C305C305C30F4
:105F7000EE2FD02F12301030F02F36303430143056
:105F80005C305A305830383082E1E5E6F2E0DE012C
:105F900001900D928A95E1F7CE01DF91CF9108959E
:105FA00081E020EB30E03983288321EB30E03B8334
:105FB0002A831D821C8223EB30E03F832E8324EB57
:105FC00030E0398728871B861A861D861C8692E05A
:105FD0009E878F8781E0888B198ADECF80E0E1CFB2
:105FE00081E08F5F20E930E03983288321E930E0C8
:105FF0003B832A8322E930E03D832C8328E930E08B
:106000003F832E832AE930E0398728872CE930E066
:106010003B872A8726E930E03D872C8793E0D8CF5D
:1060200080E0DFCF80E0DECF81E08F5F20EA30E0EC
:106030003983288321EA30E03B832A8322EA30E057
:106040003D832C8328EA30E03F832E832AEA30E028
:10605000398728872CEA30E03B872A8726EA30E018
:106060003D872C8794E0B4CF80E0DFCF80E0DECFA7
:1060700081E08F5F20E231E03983288321E231E043
:106080003B832A8322E231E03D832C8328E231E006
:106090003F832E832AE231E0398728872CE231E0E2
:1060A0003B872A8726E231E03D872C8795E090CF19
:1060B00080E0DFCF80E0DECF82E1FE0111928A95A1
:1060C000E9F76ACF8F929F92AF92BF92CF92DF9201
:1060D000EF92FF920F93CF93DF931F92CDB7DEB76E
:1060E0005C017B0149016B01C40ED51EF501808165
:1060F00091810E9445B48983002311F0F7018083C8
:10610000BE016F5F7F4FC4010E94E58BF501808166
:106110009181019691838083FFEFEF1AFF0AEC14BF
:10612000FD0421F780E00F90DF91CF910F91FF9058
:10613000EF90DF90CF90BF90AF909F908F90089599
:106140000F930091880421E0022729E834E04CE015
:1061500050E0BC0181E494E0B5DF0F9108950F9306
:106160000091880421E0022729E834E044E050E06F
:10617000BC0181E494E0A6DF0F9108950F93009194
:10618000880421E0022729E834E041E050E0BC0126
:1061900081E494E097DF0F9108950F9300918804B4
:1061A00021E0022729E834E041E050E0BC0181E42D
:1061B00094E088DF0F9108950F930091880421E007
:1061C000022729E834E048E050E0BC0181E494E093
:1061D00079DF0F9108950F930091880421E0022741
:1061E00029E834E04CE050E0BC0181E494E06ADF4F
:1061F0000F9108950F9301E029E834E041E050E069
:10620000BC0181E494E05EDF0F9108950F9301E0FB
:1062100029E834E042E050E0BC0181E494E052DF40
:106220000F9108950F93AB010091880421E002279C
:1062300029E834E0BC0181E494E044DF0F91089543
:106240009091C00095FFFCCF8093C6000895CF9336
:10625000DF93EC018991882311F0F2DFFBCFDF910E
:10626000CF9108950F931F93CF93DF93CDB7DEB7F0
:1062700064970FB6F894DEBF0FBECDBFE82FF0E0F5
:10628000E255F14EE491E150E23108F005C1F0E051
:106290008827E25BFE4C8F4F0C94E8B46031863166
:1062A00090319E31AC314C32BA31C631D231E0310D
:1062B000EE31FC310A3218324C32253232323F3262
:1062C00084B5807C09F4E8C087B51F928F938CEB6E
:1062D00096E09F938F938E010F5F1F4F1F930F9335
:1062E0000E9461B0C801B3DF0F900F900F900F9024
:1062F0000F900F9081E064960FB6F894DEBF0FBE4A
:10630000CDBFDF91CF911F910F91089584B5807318
:1063100009F4C2C088B51F928F9382EB96E0D9CF63
:1063200080918000807C09F4B7C0809188009091B2
:1063300089009F938F9388EA96E0CBCF809180006D
:10634000807309F4A9C080918A0090918B009F937B
:106350008F938EE996E0BDCF809180008C7009F418
:106360009BC080918C0090918D009F938F9384E9C6
:1063700096E0AFCF8091B000807C09F48DC0809111
:10638000B3001F928F938AE896E0A3CF8091B0006C
:10639000807309F481C08091B4001F928F9380E8CC
:1063A00096E097CF80919000807C09F475C0809131
:1063B0009800909199009F938F9386E796E089CFFC
:1063C00080919000807309F467C080919A00909149
:1063D0009B009F938F938CE696E07BCF80919000FB
:1063E0008C7009F459C080919C0090919D009F93FE
:1063F0008F9382E696E06DCF8091A000807C09F4B7
:106400004BC08091A8009091A9009F938F9388E53D
:1064100096E05FCF8091A000807309F43DC0809129
:10642000AA009091AB009F938F938EE496E051CF9A
:106430008091A0008C7081F18091AC009091AD00B2
:106440009F938F9384E496E044CF80912001807CD9
:1064500019F180912801909129019F938F938AE3EC
:1064600096E037CF809120018073B1F080912A01AE
:1064700090912B019F938F9380E396E02ACF809198
:1064800020018C7049F080912C0190912D019F93F7
:106490008F9386E296E01DCF80E02DCFD8DE8DE091
:1064A000CFDE8AE0CDCECF93C82FC15018F080E266
:1064B000C7DEFBCFCF910895CF93DF93EC01FE01B0
:1064C00084912196882311F0BBDEF9CFDF91CF9123
:1064D0000895CF93C62FF0DF6C2F70E090E080E03E
:1064E000CF910C94658C0F931F93CF938C01C62F83
:1064F00084E39DE0E1DFC801DFDF8AE3A1DE80E322
:106500008C0F9EDE8AE0CF911F910F9199CE87E18B
:106510009FE0D2DF8AE094DE60E087E09FE0E3DF87
:1065200060E082EF9EE0DFDF61E08BEE9EE0DBDF8C
:1065300061E080EE9EE0D7DF60E081ED9EE0D3DF9A
:1065400061E081EC9EE0CFDF60E088EB9EE0CBDF96
:1065500061E08EEA9EE0C7DF61E084EA9EE0C3DF8F
:1065600060E08DE99EE0BFDF61E085E99EE0BBDF92
:1065700061E087E89EE0B7DF60E089E79EE0B3DF97
:1065800060E08AE69EE0AFDF60E08CE59EE0ABDF96
:1065900060E086E49EE0A7DF60E085E39EE0A3DFA5
:1065A00060E080E29EE09FDF60E081E19EE09BDFB3
:1065B00060E08AE09EE097DF60E083E09EE093DFAA
:1065C00060E08AEF9DE08FDF60E085EE9DE08BDF8D
:1065D00060E087ED9DE087DF60E08DEC9DE083DF8C
:1065E00060E086EB9DE07FDF60E089EA9DE07BDF95
:1065F00061E086E99DE077DF60E089E89DE073DF98
:1066000061E084E89DE06FDF61E087E79DE06BDF9C
:1066100060E083E69DE067DF60E080E59DE063DFAA
:1066200060E08FEA9DE00E945519682F617087E451
:106630009DE059DF60E089E39DE055CF811103C003
:1066400087EF97E039CF8BEF97E0FCCFCF93DF93C5
:10665000C82F8EEE97E030DF0C2E000CDD0BFE0114
:10666000E85DF04E8491805CEBDDFE01E259F04E76
:10667000E49180E3E13021F0E6958F5F8933D1F733
:10668000DF91CF91DDCDCF93C62F16DF8C2FCF9129
:106690000C94F498F8DF8AE0D3CDEF92FF920F9339
:1066A0001F93CF93DF9361E87FEF8FE40E946A1E10
:1066B000D82F813861F18FEF8D0F8F3040F18CE54D
:1066C00099E0FADE11E061E87FEF80E50E946A1E42
:1066D000C82F813841F083E08C0F803120F082E4B4
:1066E00099E0EADE11E061E87FEF83E50E946A1E2F
:1066F000813879F09FEF980F983058F08AE299E04E
:10670000DF91CF911F910F91FF90EF90D5CE10E0C8
:10671000DACF1111E5C0D13809F4D4E0C13809F459
:10672000C2E0182F813809F411E088EEE82E82E0EB
:10673000F82E00E081E0F70191917F0191544091A2
:10674000DA035091DB036091DC037091DD0304C038
:1067500076956795579547959A95D2F740FF19C05A
:106760006D2F023009F4A2C0033009F4ACC001302F
:1067700009F48FC080E99EE00E94DC986C2F80E9CC
:106780009EE00E946D97612F80E99EE00E945C97D9
:1067900080E00F5F043079F6882309F4A1C088E512
:1067A0004FDD80E99EE00E94D798682F8DEA98E03F
:1067B0006ADF80E99EE00E946497C82F84EA98E02F
:1067C0007BDE8C2F0E94961A80E99EE00E945397F0
:1067D000682F8AE998E05EDF89E532DD84E59EE096
:1067E0000E94D798682F81ED98E04DDF84E59EE008
:1067F0000E946497C82F88EC98E05EDE8C2F0E9480
:10680000961A84E59EE00E945397682F8EEB98E0DD
:1068100041DF8AE515DD88E19EE00E94D798682F68
:1068200085EF98E030DF88E19EE00E946497C82FF2
:106830008CEE98E041DE8C2F0E94961A88E19EE053
:106840000E945397682F82EE98E024DF85E4F8DCFD
:106850008CED9DE00E94D798682F89E199E013DFC5
:106860008CED9DE00E946497C82F80E199E024DEC2
:106870008C2F0E94961A8CED9DE00E945397682FF2
:1068800086E099E0DF91CF911F910F91FF90EF90FB
:1068900001CF84E59EE00E94DC986C2F84E59EE0A9
:1068A0000E946D97612F84E59EE070CF88E19EE0A5
:1068B0000E94DC986C2F88E19EE00E946D97612F0A
:1068C00088E19EE063CF8CED9DE00E94DC986C2F08
:1068D0008CED9DE00E946D97612F8CED9DE056CF71
:1068E000DF91CF911F910F91FF90EF900895AF929C
:1068F000BF92CF92DF92EF92FF920F931F93CF93AD
:10690000DF93EC0185E693E0D7DD209711F4C8E42E
:10691000D4E010E086E0C7DD812F0E94F4981F5F6D
:106920001430C1F78AE08CDC10E080E289DC812F32
:106930000E94F4985E0104E080E282DCF501C080F0
:10694000D180E280F380A7019601C701B6010E94C1
:10695000E5B7882321F180E273DC8DE371DC8DE300
:106960006FDC8DE36DDC8DE36BDC8DE369DC015066
:10697000F0E1AF0EB11C0111DFCF8AE061DC1F5FD7
:106980002496143091F68AE0DF91CF911F910F91F8
:10699000FF90EF90DF90CF90BF90AF9051CC20E070
:1069A00030E0A901C701B6010E945FB787FD02C0B0
:1069B0008BE246DC43E0C701B6010E947F8CD7CF53
:1069C000811105C08EE593E077DD8AE039CC82E65F
:1069D00093E0FACF87E593E06FCD3F924F925F92BD
:1069E0006F927F928F929F92AF92BF92CF92DF92DF
:1069F000EF92FF920F931F93CF93DF93CDB7DEB744
:106A0000CDB6DEB684E50E947F19882309F48BC0D9
:106A100060E089E40E94551E082F61E070E082E585
:106A20000E946A1E5C0170E060E083E50E946A1EBD
:106A3000182F65E470E08CE40E946A1E4C0164EF3C
:106A400071E087E50E946A1E2C01990F660877089D
:106A50001815190411F00CF04CC0163480F4011113
:106A600010C0812F5CDA882361F042E158E060E0D9
:106A7000812F0E9482A28AE0E3DB8AE0E1DB1F5FD4
:106A8000E7CFA89547E058E0602F812F0E9482A2AF
:106A9000812F2CDA382E61E0812F0E943B93F12C5C
:106AA000E12CEA14FB0404F5A89560E0812F0E9414
:106AB0005292C301B2010E94F71DA89561E0812F97
:106AC0000E945292C301B2010E94F71DA89560E096
:106AD000812F0E945292C301B2010E94F71DA89516
:106AE0008FEFE81AF80ADDCF632D812F0E943B93C8
:106AF000C4CF80E098E0E0DC0FB6F894DEBE0FBEB5
:106B0000CDBEDF91CF911F910F91FF90EF90DF905D
:106B1000CF90BF90AF909F908F907F906F905F903D
:106B20004F903F90089585E40E947F198823A1F03B
:106B30000E94461E8093FF0489E898E0BDDC8091A6
:106B4000FF04811106C08BE798E0B6DC82E898E08C
:106B5000D2CF8FE798E0F9CF83E50E947F19382ED6
:106B6000882321F037DF8DE198E0C5CF70E060E049
:106B700080E50E946A1E7C01182F8CE40E94CD19CA
:106B8000882309F455C070E060E08CE40E946A1E1E
:106B9000FF2496E4E916F1040CF015E4082F86347E
:106BA00008F005E4011718F4812F102F082F60E07A
:106BB00089E40E94551E582E60E087E50E94551E0C
:106BC000482E882309F498C0ADB6BEB666246394F7
:106BD000600E611AEDB7FEB7E619F1090FB6F89429
:106BE000FEBF0FBEEDBF8DB79EB701967C01712E23
:106BF000812E912C071550F195E49715B8F055208A
:106C000001F162E0872D0E943B9361E070E080E03B
:106C100090E00E941794872D0E942992E72DF0E0C2
:106C2000E819F909EE0DFF1D8083342C7394E2CF2F
:106C300080E50E94CD19811102C085E4A9CF8E2D77
:106C4000A7CF872D6CD98823E1F2F0CF311014C083
:106C50008DE698E031DCE1E081E498E0E61510F49F
:106C600085E498E029DC8BE498E026DC0FB6F89404
:106C7000BEBE0FBEADBE40CF84E398E01DDCF1E0A8
:106C8000F61510F483E7DCDA80E2DADA812F0E946D
:106C9000F49881E0861520F4602F80E398E0F3DC1F
:106CA0008AE0CEDA5701D12E0D15F8F095E49D1546
:106CB000B8F0552089F08D2D0E942992C82EF5013B
:106CC0008081C81669F050E040E0652D8D2D0E944E
:106CD00082A2F501C08204C08D2D21D9882359F3E9
:106CE000D394FFEFAF1ABF0ADFCF68EC70E080E00B
:106CF00090E00E94F71DD6CF011708F4FDCE1634A0
:106D000030F450E040E0652D812F0E9482A21F5F89
:106D1000F3CF81E593E0D0CB4F925F926F927F9259
:106D20008F929F92AF92BF92DF92EF92FF920F935A
:106D30001F93CF93DF93D82EC82FD0E0FE01EE51E2
:106D4000F84D6491062E000C770B880B990B0E946E
:106D500096B02B013C017E01EE0CFF1CEE0CFF1CDB
:106D6000F701E155FD4E2591359145915491C301AF
:106D7000B2010E94F5B04B015C01F701ED55FD4EEB
:106D8000659175918591949120E030E040EC5FE34E
:106D90000E94F5B0A30192010E94F5B0AB01BC01C5
:106DA00000E010E098018D2D0E94979B20E030E0DC
:106DB000A901C501B4010E9490B0882309F444C020
:106DC000B501A401705800E010E098018D2D0E94DB
:106DD000979BA5019401C501B4010E9439B54B01EF
:106DE0005C01C056DD4EFE01C491C11105C091DFAA
:106DF0008EE792E161DBCAE0DD2039F0F1E060E08E
:106E000070E086E194E4DF1204C060E070E88BE398
:106E100095E420E030E040E752E40E9415B62B01F3
:106E20003C016C2F70E090E080E00E9494B09B01E8
:106E3000AC01C301B2010E9415B68B019C01B501E2
:106E4000A4018D2D0E94979B81E090E00D2C01C044
:106E5000880F0A94EAF79091A006982B9093A006C9
:106E60009091FA03892B8093FA03F701EE58FD4EB7
:106E700085919591A591B491E701C15BDD4F888320
:106E80009983AA83BB83F701E550FC4F10821182DE
:106E9000128213828D2D0E9455180E941E25F70123
:106EA000E95FFB4F88819981AA81BB8180839183AF
:106EB000A283B383DF91CF911F910F91FF90EF9049
:106EC000DF90BF90AF909F908F907F906F905F907A
:106ED0004F900895811101C01CCF0895CF9384E590
:106EE0000E94CD19C0E08823C9F00E942B1EC82F34
:106EF0001816A4F40EDF8DE4A3D96091E00370911D
:106F0000E10390E080E00E94FB8B88E799E0D4DA0F
:106F10008C2F0E94961A8AE093D9CFEF8C2FCF91B5
:106F200008950F931F93CF93811111C0C42F8B012C
:106F3000F0DE85E799E0C0DAC801BEDACC2339F08B
:106F40008AE37ED98AE0CF911F910F9179C9CF91C1
:106F50001F910F910895CF92DF92EF92FF926A01F5
:106F60007B01AADA42E0C701B601FF90EF90DF9003
:106F7000CF900C947F8CCF93DF93C82F41E06BE1CF
:106F800076E0CFDF8C2FA6DF82E196E095DA80E015
:106F90000E94961AC0EBDDE048A159A16AA17BA12D
:106FA0008FE096E0D8DF21E732EB47E25EE36CA1A9
:106FB0007DA18EA19FA10E9415B6AB01BC018CE002
:106FC00096E0C9DF21E732EB47E25EE368A579A5E9
:106FD0008AA59BA50E94F5B0AB01BC0189E096E0B3
:106FE000BADF8AE0DF91CF912BC9B5DF8AE028C9EB
:106FF0002F923F924F925F926F927F928F929F92C9
:10700000AF92BF92CF92DF92EF92FF920F931F93B6
:10701000CF93DF93CDB7DEB7CC54D1090FB6F89438
:10702000DEBF0FBECDBF70E060E085E40E946A1E47
:107030008FAB811133C083E40E94CD19A5E07A2E75
:10704000882319F00E94671E782E83E50E94CD19CF
:10705000882309F442C00E94671E27969FAF8EAF17
:10706000279760E085E50E94551E88AF0E94D49462
:1070700069877A878B879C87809145029091460229
:107080000E9727964EAD5FAD27974817590764F1C5
:1070900085EE91E111DA86EC91E105C086E990E197
:1070A0000BDA8EE790E1C45BDF4F0FB6F894DEBFDA
:1070B0000FBECDBFDF91CF911F910F91FF90EF9049
:1070C000DF90CF90BF90AF909F908F907F906F9008
:1070D0005F904F903F902F90EFC924EB30E02796C0
:1070E0003FAF2EAF2797BDCF89859A85AB85BC85ED
:1070F00080589946A746BF4F8AAB9BABACABBDABA4
:1071000089EB91E1D9D981EB91E1D6D90E944C9BD1
:107110008FE78093BA0D81E08093100229853A852C
:107120004B855C8529A73AA74BA75CA749015A0163
:107130001A8E1B8E1C8E1D8E1E8E1F8E18A219A2DB
:1071400019821A821B821C828FE790E0A0E0B0E0D7
:107150008D879E87AF87B88B1D8290E49B8BACE1B7
:10716000AC8BB6E4BD8B1E8A1F8A188E198EFFE782
:10717000CF2ED12CE12CF12C1DA61EA61FA618AADD
:1071800019AA1DA21EA21FA218A6E1E0ECA31A8A4A
:10719000198A10E0212C312C00E027962EAD3FAD4E
:1071A0002797032E000C440B550B29AF3AAF4BAF7A
:1071B0005CAF27968EAD9FAD27974E969C01990F99
:1071C000440B550B21962CAF3DAF4EAF5FAF2197CF
:1071D00027968EAD9FAD27974E979C01990F440B34
:1071E000550B25962CAF3DAF4EAF5FAF2597279639
:1071F0004EAD5FAD279747505109CA01092E000CCB
:10720000AA0BBB0B29968CAF9DAFAEAFBFAF299732
:10721000A72D770CBB0B2B96BFAFAEAF2B978091F2
:107220001002882309F499C00E94D4942B013C01D8
:10723000B091F804BEABBB2309F479C00E94789DDD
:107240001092F8041091B40D2090B50D3090B60D49
:107250000091B70D2E893F89488D598D612F722D70
:10726000832D902F0E945FB7181624F41E8B2F8A4F
:10727000388E098F2D813B894C895D89612F722D54
:10728000832D902F0E9490B087FF04C01D832B8A0E
:107290003C8A0D8B69AD7AAD8BAD9CAD0E9496B0EA
:1072A0002D966FAF2D972C967FAF2C978AA39BA31B
:1072B000ECA1EE2309F4B0C19B01AC01612F722D4A
:1072C000832D902F0E945FB718168CF5B301A20191
:1072D000481959096A097B09DB01CA018858934199
:1072E000A109B109B7FD23C08D859E85AF85B889F9
:1072F0008C199D09AE09BF09B595A79597958795F6
:107300008093BA0D4DA35EA36FA378A72D96FFAD12
:107310002D97FE8B2C962FAD2C972F8B3AA1388F63
:107320004BA1498F49865A866B867C861CA2219682
:107330006CAD7DAD8EAD9FAD21970E9496B0212F93
:10734000322D432D502F0E9490B087FF3CC08CE51A
:1073500091E1B2D88DE391E1AFD810921002C45BF5
:10736000DF4F0FB6F894DEBF0FBECDBFDF91CF91D8
:107370001F910F91FF90EF90DF90CF90BF90AF9053
:107380009F908F907F906F905F904F903F902F9045
:107390000C944C9B4BEEC42ED12CE12CF12C98C1BB
:1073A00084E190E0A0E0B0E08D879E87AF87B88B46
:1073B00034E1C32ED12CE12CF12C98C1CD86DE8690
:1073C000EF86F88A93C1D301C20129A53AA54BA53E
:1073D0005CA5821B930BA40BB50BB7FD4AC080E0E4
:1073E0000E94FA988AE00E942031D301C2018053A2
:1073F000984FAF4FBF4F89A79AA7ABA7BCA79DA532
:10740000911168C02EA53FA548A959A9612F722DD9
:10741000832D902F0E945FB718160CF047C020E014
:1074200030E040E050E4612F722D832D902F0E94B8
:1074300039B56EA77FA788AB99ABA30192012058FD
:10744000394647465F4F2AAB3BAB4CAB5DAB299609
:107450006CAD7DAD8EAD9FAD29970E9496B0212F6A
:10746000322D432D502F0E9490B0881F8827881FEF
:107470008DA789859A85AB85BC8588169906AA064D
:10748000BB0610F4D501C401481A590A6A0A7B0ADE
:1074900031E843163FE4530632E16306710488F194
:1074A00080E391E109D88EE191E156CFD301C20189
:1074B0002AA93BA94CA95DA9821B930BA40BB50B70
:1074C00046E05CE165E17CE1B7FDD3CF80E00E945E
:1074D0005D9CCFCF25966CAD7DAD8EAD9FAD2597D4
:1074E0000E9496B09B01AC01612F722D832D902FCD
:1074F0000E9490B087FFBDCF43EB5CE163EC7CE181
:10750000E5CF2B964EAD5FAD2B9789899A894817A9
:1075100059070CF084CE03970CF481CE81E191E100
:107520000E945C3280EC90E10E945C3283EA90E140
:107530000E945C3249815A816B817C818CEB90E1A5
:1075400054DD83EA90E10E945C324E8D5F8D68A12C
:1075500079A188EB90E149DD83EA90E10E945C32F9
:107560004A8D5B8D6C8D7D8D84EB90E13EDD98AD19
:107570009923C1F1AFA9ECE2AE9FD0011124A5542B
:10758000B24FBE83AD8329813A814B815C81559690
:107590002D933D934D935C93589721E732EB47E24F
:1075A0005EE36E8D7F8D88A199A10E94F5B0ED817B
:1075B000FE81618F728F838F948F21E732EB47E2D8
:1075C0005EE36A8D7B8D8C8D9D8D0E9415B6AD819D
:1075D000BE815D966D937D938D939C93909781E092
:1075E0008093BB0DC45BDF4F0FB6F894DEBF0FBEB8
:1075F000CDBFDF91CF911F910F91FF90EF90DF9062
:10760000CF90BF90AF909F908F907F906F905F9042
:107610004F903F902F9008952D962FAD2D972C963B
:107620003FAD2C974AA15BA1612F722D832D902F26
:107630000E9490B087FF7BCED301C20129853A8595
:107640004B855C85821B930BA40BB50BAC01BD0174
:10765000485853416109710977FD69CE49895A89B2
:10766000452B09F4F5C08DA09EA0AFA0B8A4880E4C
:10767000991EAA1EBB1E2DA13EA14FA158A5281BD5
:10768000390B4A0B5B0BC701B6010E945BB4A50125
:1076900094010E948CB4CD84DE84EF84F888C20EFD
:1076A000D31EE41EF51E54E1C516D104E104F10415
:1076B0000CF476CE8CEEC816D104E104F1040CF083
:1076C00069CE90E8C916D104E104F1040CF476CE39
:1076D000CD86DE86EF86F88A2EEF30E040E050E07F
:1076E0002C193D094E095F0969017A0189EA91E186
:1076F0000E945C326D857E858F8598890E94062E5A
:1077000084EA91E10E945C32C701B6010E94062E14
:107710004D815B896C897D898DE991E11CDC4E8905
:107720005F89688D798D86E991E115DCA989BA892F
:1077300013970CF48DC0C701B6010E9496B020E0EB
:1077400030E040E850E40E94F5B069837A838B838F
:107750009C832D813B894C895D896E897F89888DC9
:10776000998D0E9438B52BED3FE049E450E40E942A
:10777000F5B020E030E040E05FE30E94F5B09B010F
:10778000AC0169817A818B819C810E9415B66D83E1
:107790007E838F839887C501B4010E9496B02FE63F
:1077A00032E143E85AE30E94F5B04B015C012AE95B
:1077B00039E949E15FE36D817E818F8198850E947F
:1077C000F5B069837A838B839C839B01AC010E9413
:1077D00039B5A50194010E9415B66E8F7F8F88A3DD
:1077E00099A329813A814B815C81C501B4010E9432
:1077F000F5B020E030E040E05EE30E94F5B06A8F33
:107800007B8F8C8F9D8F4D815E816F81788580E924
:1078100091E1A1DBB501A4018AE891E1E6DB8BE708
:1078200091E10E945C3249815A816B817C8185E7BC
:1078300091E191DB4E8D5F8D68A179A18FE691E199
:107840008ADB4A8D5B8D6C8D7D8D89E691E1CDDB88
:107850008D859E85AF85B8898C0D9D1DAE1DBF1D84
:10786000B595A795979587958093BA0DE989FA897B
:107870003196FA8BE98B2D96FFAD2D97FD832C96D3
:107880002FAD2C972B8B3AA13C8B4BA14D8B5301E9
:1078900042015EA95CA34BCDCF93DF9368E27DE00C
:1078A0000E94BB8ECEEAD6E0488159816A817B81F5
:1078B0008FE19DE050DB4C815D816E817F818AEF9D
:1078C00099E249DB488559856A857B8587EF99E28E
:1078D000DF91CF918ACBCF93811110C040E064EF4C
:1078E00074E01FDB80914704811104C087EE94E0AF
:1078F0000E945C328AE00E9420310BDAC09147047A
:107900008EED94E00E945C326C2F70E090E080E09D
:107910000E94658C40914304509144046091450459
:10792000709146048BED94E0CF915FCB64EB75E0F2
:107930000E94BB8E6091820C7091830C8091840CAC
:107940009091850C0E9494B0AB01BC018BEA95E04C
:1079500002DB4091B20C5091B30C6091B40C709169
:10796000B50C88EA95E0F7DA4091B60C5091B70C67
:107970006091B80C7091B90C85EA95E0ECDA409111
:10798000D6065091D7066091D8067091D90682EA42
:1079900095E02BCBCF93DF9368E575E00E94BB8E1B
:1079A000C2E7DCE04CA95DA96EA97FA98FE495E050
:1079B000D2DA48AD59AD6AAD7BAD8CE495E0CBDA57
:1079C0004CAD5DAD6EAD7FAD85EA95E0DF91CF91B9
:1079D0000CCBCF93DF9364E375E00E94BB8EC2E7CC
:1079E000DCE04CA15DA16EA17FA18BE295E0B3DA52
:1079F00048A559A56AA57BA58AEF99E2ACDA4CA502
:107A00005DA56EA57FA587EF99E2A5DA48A959A9DA
:107A10006AA97BA984EF99E2DF91CF91E6CACF935F
:107A2000DF936FE075E00E94BB8EC2E7DCE0688107
:107A300079818A819B810E9494B0AB01BC0186E070
:107A400095E089DA6C817D818E819F810E9494B05E
:107A5000AB01BC018AEF99E27EDA688579858A8577
:107A60009B850E9494B0AB01BC0187EF99E273DA69
:107A70006C857D858E859F850E9494B0AB01BC018D
:107A800084EF99E2DF91CF91B0CACF93DF93EB01FE
:107A90000E945C32BE0190E080E0DF91CF910C94B7
:107AA000FB8BCF93DF93EB010E945C32BE01DD0FB5
:107AB000880B990BDF91CF910C94658C2F923F929C
:107AC0004F925F926F927F928F929F92AF92BF92EE
:107AD000CF92DF92EF92FF920F931F93CF93DF939A
:107AE000CDB7DEB764970FB6F894DEBF0FBECDBF3B
:107AF000D82E662E442E26E0829F80011124F801A4
:107B0000ED55F84FA590B490C8018F55984F7C0162
:107B1000FC0125903490F501808190E09595879542
:107B2000F10120812370382F3470722E732AF4E013
:107B30004F1302C08870782A30E3532E5D0C87E91A
:107B400097E00E945C32852D0E942031862D0E9494
:107B5000203183E00E945332862C062C000C9908B9
:107B6000F401E154F10923E0D29EE00DF11D11244E
:107B7000EE0FFF1FED58F84FCE0101966C0193E018
:107B80004912A9C0A591B4918C911F928F9389E657
:107B900097E09F938F93DF92CF920E9461B0C601CE
:107BA0000E9427310F900F900F900F900F900F9021
:107BB000672D85E597E00E944333F701C590D49087
:107BC00089EC96E00E945C32852D0E942031862D42
:107BD0000E942031F601608170E083E090E0881916
:107BE0009909880F991F02C0759567958A95E2F7E4
:107BF0006370772786EC96E054DFF501608167704B
:107C000070E08CE497E04DDF83E497E00E945C3203
:107C1000852D0E942031F10160818FE397E00E9461
:107C2000433386E397E00E945C32852D0E94203129
:107C3000F501608182E397E00E944333F801EB5540
:107C4000F84F0591149188E297E00E945C32852DEF
:107C50000E942031F801608185E297E00E94433361
:107C6000F0EC6F0E23E0872D421240C0897F21F493
:107C700081ED96E00E945C32F801808190E002C0C4
:107C8000959587956A94E2F780FF04C08AEE96E0A6
:107C90000E945C32F801808180FF04C087E097E099
:107CA0000E945C3264960FB6F894DEBF0FBECDBF63
:107CB000DF91CF911F910F91FF90EF90DF90CF90C8
:107CC000BF90AF909F908F907F906F905F904F90FC
:107CD0003F902F900895A591B49111968C91119792
:107CE0008F938C918F938FE597E053CF8B7F09F41F
:107CF000BFCF84EF870D823008F0BECFB9CFCF93CE
:107D0000DF93C82FD0E0FE01E255F14EE491E1503F
:107D1000E231E8F4F0E08827EF56F14C8F4F0C94F5
:107D2000E8B4A33ED13ED43ED83EDB3EA73EDE3E85
:107D3000E23EE53EE93EEC3EEF3EF33EF63EA73E38
:107D4000F93EFD3E003F43E061E480E0B7DE8BEEAC
:107D500097E00E945C32FE01E85DF04EE491E23073
:107D600009F051C0FE01E259F04EE491E03809F00B
:107D70004AC087EE97E00E945C3282E10E94533253
:107D80008FED97E00E945C3285EC97E00E945C32B8
:107D90008EE00E94533244E063E481E0DF91CF91B2
:107DA0008DCE43E062E4D1CF44E061E481E0CECF08
:107DB00044E062E4FBCF44E063E4F8CF43E061E4F5
:107DC00082E0C4CF43E062E4FBCF44E061E483E0BF
:107DD000BDCF44E062E4FBCF44E063E4F8CF44E08D
:107DE00061E484E0B3CF44E062E4FBCF44E063E4C9
:107DF000F8CF44E061E485E0A9CF44E062E4FBCF42
:107E000044E063E4F8CFDF91CF9108955F926F92E1
:107E10007F928F929F92AF92BF92CF92DF92EF921A
:107E2000FF920F931F93CF93DF931F92CDB7DEB7CF
:107E30007C0139018B015B01A40EB51ED12CC12C34
:107E4000A016B10609F450C0F70180809180F801B6
:107E500051908F015982C4010E9445B45816B9F15E
:107E6000652DC4010E944DB4FFEFCF1ADF0AC60191
:107E70008F779927892B21F162E070E080E090E014
:107E80000E941794C4010E9445B499818917F9F0A2
:107E90000E94893681E991E00E945C3281E00F9076
:107EA000DF91CF911F910F91FF90EF90DF90CF90D6
:107EB000BF90AF909F908F907F906F905F9008954C
:107EC00062E070E080E090E00E94F71DDBCFBE0131
:107ED0006F5F7F4FC3010E94E58BF7018081918125
:107EE000019691838083ACCF80E0D9CF29E834E03C
:107EF0004CE050E0BC0181E494E088CF29E834E014
:107F000044E050E0BC0181E494E080CF29E834E013
:107F100042E050E0BC0181E494E078CF29E834E00D
:107F200041E050E0BC0181E494E070CF29E834E006
:107F300041E050E0BC0181E494E068CF29E834E0FE
:107F40004CE050E0BC0181E494E060CFCF92DF923E
:107F5000EF92FF920F931F93CF93DF93CDB7DEB7CE
:107F6000C858D1090FB6F894DEBF0FBECDBFC358B5
:107F7000DF4F188219821A821B82CD57D040809120
:107F8000460390914703A0914803B0914903CF570E
:107F9000DF4F88839983AA83BB83C158D04084E68E
:107FA00090E0909342048093410410928A041092CE
:107FB000890429E834E044E050E0BE016F577F4F68
:107FC00081E494E023DF8091410490914204029681
:107FD000909342048093410410928A041092890481
:107FE0008BE892E0CB57DF4F99838883C558D04008
:107FF000CE018B579F4F8ADF81E0C857DF4F8883C0
:10800000C858D040CE0188579F4F90DF29E834E010
:1080100048E450E062E77CE081E494E0F7DE80E150
:10802000E7E7F2E08E010F5F1F4FD80101900D923C
:108030008A95E1F729E834E040E150E0B80181E4B5
:1080400094E0E4DE86ED96E059DF8EEA96E076DF96
:108050007E018DE6E80EF11C8FEFD7018C93C701EE
:1080600065DF19821A821B821C82C80147DF1982D0
:108070001A821B821C82C80141DFC358DF4F18825D
:1080800019821A821B82CD57D04083E0EA968FAFC7
:10809000EA97F7018083CE0183589F4F2FDFCE01EF
:1080A00087589F4F43DFC70141DF80E09CE09A8300
:1080B0008983C8012BDF2AE0D22EDA94DD2029F053
:1080C000CE0183589F4F1ADFF8CF82EA96E036DF61
:1080D000C358DF4F188219821A821B82CD57D040B5
:1080E0009AE0D92EDA94DD2029F0CE0183589F4FF3
:1080F00005DFF8CF84E0D7018C93EA968FAFEA973B
:10810000C70114DFCE0187589F4F10DF80E79CE73F
:108110009A838983C801FADE29E834E048E050E018
:1081200069E374E081E494E071DE29E834E048E03A
:1081300050E060E374E081E494E068DE29E834E034
:1081400040E450E068E474E081E494E05FDE19828A
:10815000CC24CA94F701C082C801E0DEC701E6DE84
:1081600080E1D82ED801ED2D1D92EA95E9F729E896
:1081700034E040E150E0B80181E494E047DE198248
:10818000C801CCDE8091D00D9091D10DA091D20D7F
:10819000B091D30D89839A83AB83BC8321E732EB03
:1081A00047E25EE36091D40D7091D50D8091D60DBC
:1081B0009091D70D0E9415B66D837E838F8398872B
:1081C00021E732EB47E25EE36091D80D7091D90D63
:1081D0008091DA0D9091DB0D0E94F5B069877A8766
:1081E0008B879C8780E090E0A0E8BFE38D879E8727
:1081F000AF87B88B198A1A8A1B8A1C8A29E834E04F
:1082000044E150E0B80181E494E000DE84E190E0D4
:108210009A838983C8017ADE8CE0E7E8F2E0D8012E
:1082200001900D928A95E1F7C80160DE8CE0E7E8E5
:10823000F2E0D80101900D928A95E1F7C80156DE6F
:108240001982C80173DE8FE78983C8016FDEC98296
:10825000C8016CDE85E0E3E9F2E0D80101900D92FF
:108260008A95E1F729E834E045E050E0B80181E47F
:1082700094E0CCDD1982C80151DE80E2E8E9F2E049
:10828000D80101900D928A95E1F729E834E040E2A7
:1082900050E0B80181E494E0B9DDD7011C92C70138
:1082A0003DDE87E494E03ADE83E494E027DEC358C1
:1082B000DF4F188219821A821B82CD57D040CE011F
:1082C00083589F4F1BDEFE0137968AE0DF011D9227
:1082D0008A95E9F78091C90E9091CA0E9A83898395
:1082E00080918D0E90918E0E9C838B838091510E88
:1082F0009091520E9E838D838091150E9091160E53
:108300009A8B898B29E834E042E150E0B80181E49E
:1083100094E07CDD84E2E8EBF2E0D80101900D927C
:108320008A95E1F729E834E044E250E0B80181E4BD
:1083300094E06CDDF8018D2D11928A95E9F729E81A
:1083400034E040E150E0B80181E494E05FDD1A825E
:1083500019828091CB0E817090918F0E90FB81F9E4
:108360009091530E90FB82F989838A819091170E28
:1083700090FB80F98A8329E834E042E050E0B801BC
:1083800081E494E043DDC358DF4F188219821A82DA
:108390001B82CD57D040CE0183589F4FAFDDD8010F
:1083A0001D92DA94E9F729E834E040E150E0B801A1
:1083B00081E494E02BDD8CE6F80111928A95E9F7CF
:1083C00029E834E04CE650E0B80181E494E01EDD99
:1083D00084E294E08BDDD7011D921D921D921C92C8
:1083E0001397F701148215821682178229E834E068
:1083F00048E050E0B70181E494E008DD8CE0D7016B
:108400001D928A95E9F7C957DF4F1882C758D040A7
:1084100080E090E0A0E4B0E4ED968CAF9DAFAEAF0D
:10842000BFAFED97C7018ADDCE0189579F4F7EDD33
:10843000CE0187589F4F62DD0091410410914204A4
:10844000045611098091890490918A04F70191835F
:10845000808384E690E0909342048093410429E86D
:1084600034E044E050E060EF72E081E494E0CEDC80
:10847000C7014CDD0E948936B8018FE995E105DB23
:10848000D701CD90DC90F12CE12C82E995E10E949E
:108490005C32C701B6010E94FB8B8FE895E10E9418
:1084A0005C3290E00B38124039F00E94EA3481EBE4
:1084B00096E10E945C3292E081E0911180E0C85721
:1084C000DF4F0FB6F894DEBF0FBECDBFDF91CF9167
:1084D0001F910F91FF90EF90DF90CF900895CF9371
:1084E000DF9300D01F92CDB7DEB7809112058823AD
:1084F00081F083E390E09C838B831A8219829E0132
:108500002F5F3F4F40E150E066EC76E0CE010396EE
:108510007DDC0F900F900F900F90DF91CF91089519
:10852000CF93DF9300D01F921F92CDB7DEB781E0CB
:108530008093120580E1E6ECF6E0DF011D928A955A
:10854000E9F7CDDF86E18D8382E390E09C838B8326
:108550001A8219829E012F5F3F4F41E050E0BE0119
:108560006B5F7F4FCE01039651DC0F900F900F9001
:108570000F900F90DF91CF91089587DA8AE00C94E5
:1085800020310E945C328AE00C942031CF93C82FB6
:10859000CB010E945C3281E092E10E945C3282EF6A
:1085A00091E1CC2311F087EF91E1CF91EACF8EE1F9
:1085B00092E10E945C328CB168E172E185FB882710
:1085C00080F9E4DF8091030162E172E18170DEDF16
:1085D00089B16CE072E182FB882780F9D7DF8CB12A
:1085E00064E072E183FB882780F9D0CF6BE270E111
:1085F0000E94BB8E4091AA065091AB066091AC06DA
:108600007091AD068CE190E10E94AB3789E190E179
:108610000E945C3287EE95E1B4CFCF92DF92EF9269
:10862000FF921F93CF93DF93C82F41E064EA76E176
:108630000E9491378C2F0E946A378CE996E10E9444
:108640005C3287EE95E19DDF41E06AE876E18C2FB0
:108650000E9491378C2F0E946A378DE696E10E9426
:108660005C328C2F38D98C2F0E94C48E8C2FB1D9BC
:108670008C2FD5D98C2F8ED98C2F58D98C2F0CD9E3
:1086800063E076E18C2F0E94BB8ED09138048AEF94
:1086900095E10E945C326D2F70E090E080E00E94D6
:1086A000658C8DEE95E10E945C32809138040E94C9
:1086B000E03420E030E0A9016091390470913A047F
:1086C00080913B0490913C040E9490B0882379F102
:1086D00088E4E82E84E0F82ED0E0670110E08C2FCB
:1086E0000E946A37612F83E696E10E9443336D2F23
:1086F00080E696E10E94433387EF99E20E945C3264
:10870000F601608171818281938145E00E947F8CB6
:108710008AE00E9420311F5FF0E1CF0ED11C14309F
:10872000F1F6DF5F84E0E80EF11CD430B1F68C2F57
:108730000E94BB378C2F5ADF41E062E276E18C2F3A
:108740000E9491378C2F0E946A3785E196E10E9442
:108750005C326091C90E7091CA0E88E496E195D999
:1087600060918D0E70918E0E8AEF99E28ED9609194
:10877000510E7091520E87EF99E287D98AE00E94DC
:1087800020318C2F0E946A3785E196E10E945C328D
:108790006091150E7091160E8CE196E1EEDE8AE086
:1087A0000E94203141E06BE476E18C2F0E949137EA
:1087B000D091CB0E10918F0EF090530ED11122C09C
:1087C000111127C0F11025C08091170E882309F4DC
:1087D00040C0C11102C00E94893689E396E10E941F
:1087E0005C3280E20E94203183E496E10E945C3298
:1087F0008AE0DF91CF911F91FF90EF90DF90CF90B3
:108800000C942031CC2349F089E396E10E945C323C
:108810000CC089E396E1C1110AC00E94893689E340
:1088200096E10E945C32DD2321F088E496E10E940B
:108830005C32112321F08AEF99E20E945C32FF2022
:1088400021F087EF99E20E945C328AE00E94203199
:10885000BBCFDF91CF911F91FF90EF90DF90CF9032
:1088600008950F931F93CF93DF93062F142FD22FCA
:10887000882309F186EA93E00E945C3288E50E9431
:10888000203186E993E00E945C3280E99EE00E94FC
:108890007597C82F882361F08AE893E00E945C32C4
:1088A00082E893E0C13031F08EE793E0C23011F0FE
:1088B00087E893E066DE002309F187ED93E00E94EC
:1088C0005C3289E50E94203187EC93E00E945C32A3
:1088D00084E59EE00E947597C82F882361F08BEB9A
:1088E00093E00E945C3283EB93E0C13031F08FEA79
:1088F00093E0C23011F088EB93E043DE112309F1DD
:1089000088E094E00E945C328AE50E94203188EF82
:1089100093E00E945C3288E19EE00E947597C82F28
:10892000882361F08CEE93E00E945C3284EE93E049
:10893000C13031F080EE93E0C23011F089EE93E067
:1089400020DEDD2329F189E394E00E945C3285E496
:108950000E94203189E294E00E945C328CED9DE01F
:108960000E947597C82F882361F08DE194E00E94E2
:108970005C3285E194E0C13031F081E194E0C230B5
:1089800011F08AE194E0DF91CF911F910F91F9CD21
:10899000DF91CF911F910F9108958091C60C909116
:1089A000C70C2FEF3FEF981751F0E92FF0E0EA5393
:1089B000F34F228130E09F5F9F779093C70CC901EE
:1089C00008952F923F924F925F926F927F928F9273
:1089D0009F92AF92BF92CF92DF92EF92FF920F934E
:1089E0001F93CF93DF93182F80911705843008F0E1
:1089F00065C101E6FF24F39480911705843008F0E7
:108A00005DC18091C60C9091C70C891B8F7709F4CA
:108A100055C1C3DF97FF0BC00E94EA348AEB92E096
:108A20000E945C328091C60C8093C70CE5CF8A30DF
:108A300019F08D3009F005C11092AE0D80914C0DEA
:108A400090914D0DFC01E85BF24F1682892B19F4D1
:108A50000E94E29DD1CF10924D0D10924C0DCEE4AC
:108A6000DDE0FE018191803209F449C08E3409F0C5
:108A70007DC065EB72E0CE010E9447B06C01892B8E
:108A800041F06EE470E0CE0104960E9405B80097B4
:108A900009F4CE014AE050E070E060E001960E94E7
:108AA000D0AD4B015C018091480D9091490DA09192
:108AB0004A0DB0914B0DAC01BD014F5F5F4F6F4F41
:108AC0007F4F84169506A606B706D9F0CD28C9F4BF
:108AD000AC01BD0141505109610971098416950627
:108AE000A606B70634F088159905AA05BB050CF053
:108AF00083CF60E082E892E00E94148D7DCFEF0189
:108B0000B0CF6AE270E0CE010E9425B89C010097C8
:108B100009F1982F9C1BE12C992339F09150FE010B
:108B2000E90FF11D8081E826F7CF4AE050E070E0C0
:108B300060E0C90101960E94D0AD4E2C512C712CE1
:108B4000612C641575058605970541F060E083E6A4
:108B500092E0D2CF60E089E392E0CECF8092480DE0
:108B60009092490DA0924A0DB0924B0D809116053E
:108B70008130B9F467E470E0CE010E9405B8009737
:108B800081F04AE050E070E060E001960E94D0ADD4
:108B9000643071058105910520F482EC91E00E941A
:108BA0005C3288818D34B9F48B818233E1F1883372
:108BB00051F0803381F48981843369F48A8181336F
:108BC00051F403D708C08A81803329F48981813325
:108BD00011F41092100280914E0D8B3309F40CCFDA
:108BE00080911705843008F007CF80911905809F88
:108BF000C00111246EE47DE0865E9A4F0E9410B899
:108C000080911905089FF0011124E658FA4F10824F
:108C10008F5F843098F480931905809117058F5FDA
:108C200080931705E9CE8A818133A9F68981813342
:108C300091F661E08CE69AE00E94669B109219051D
:108C4000ECCF9091AE0D913009F4D6CE9430B0F0C7
:108C500094509093AE0D8830C9F480914C0D909152
:108C60004D0D009709F4C8CE019790934D0D809358
:108C70004C0D885B924FFC011682BECE8C35C9F438
:108C80009C5F9093AE0D943009F4B6CE20914C0DBC
:108C900030914D0DA9014F5F5F4F50934D0D4093A3
:108CA0004C0D285B324FF90186834F3551051CF47A
:108CB000A3CE8B3381F6F092AE0D9ECE0E94D4945B
:108CC0006B017C01112341F0C092E303D092E403D5
:108CD000E092E503F092E6038091B6039091B7032A
:108CE000A091B803B091B9030097A105B10571F146
:108CF0004091E3035091E4036091E5037091E60332
:108D0000840F951FA61FB71FA7019601281B390BBB
:108D10004A0B5B0BDA01C901B7FD18C00E94EA34A7
:108D20008DEF92E00E945C32C091BB06D091BC06F0
:108D300082ED92E00E945C32CE010E9427318AE0EF
:108D40000E94203160E090E080E076CF9091CF0EDD
:108D50008091D00E981741F0C092E303D092E403C3
:108D6000E092E503F092E603409102025091030283
:108D70006091040270910502452B462B472B29F088
:108D8000981709F4BAC010926E0380916A0390910B
:108D90006B03A0916C03B0916D0397018601081BD2
:108DA000190B2A0B3B0BD901C801B7FD65C1909186
:108DB000CF0E8091D00E20910002981709F4CEC0FA
:108DC000E091D00E17E5E19FF0011124E95AF84F28
:108DD00080812817F9F0809300020E94D49420919A
:108DE000000270E060E0222391F030E050E040E0CB
:108DF0002150310941095109AFEFB0E00E94A8B4F8
:108E00002EEF30E040E050E00E948CB4B90189E0E0
:108E10000E9480928091F704882309F420C1009178
:108E20000E0210910F02C80102972091B80D3091E7
:108E3000B90D281739070CF412C13090D00E812CCF
:108E4000912CA12CB12C87E5282E8091CF0E831573
:108E500009F487C0832D90E0289EF001299EF00D33
:108E60001124EF5FF84F458956896789708D452B2E
:108E7000462B472B81F4418D528D638D748D452B8C
:108E8000462B472B41F4458D568D678D70A1452BA0
:108E9000462B472B69F1289EE001299ED00D112415
:108EA000CF5FD84F69A17AA18BA19CA10E9494B0F9
:108EB0002B013C016DA17EA18FA198A50E9494B0C9
:108EC0009B01AC01C301B2010E9415B629813A8110
:108ED0004B815C810E94F5B03B01D82FC92F9401D2
:108EE000A5010E945FB718161CF44301AD2EBC2EDD
:108EF0003394232D2F70322EA8CF111144CF0E940E
:108F0000D4940091E3031091E4032091E5033091A0
:108F1000E6038090020290900302A0900402B090B9
:108F20000502080D191D2A1D3B1D601B710B820BCC
:108F3000930B97FD28CF80916E03811126CF81E09E
:108F400080936E0380E00E94211681E00E9421162A
:108F500082E00E9421160E94122017CF8091EE0617
:108F600038CFB801110F880B990B0E9496B08B0176
:108F7000D82FC92F209108023091090240910A028E
:108F800050910B02B401C5010E94F5B098014D2F1C
:108F90005C2F0E9439B53B014C01A0900C02B090AF
:108FA0000D029B01AC01B8018D2F9C2F0E945FB771
:108FB0001816ACF0B501BB0C880B990B0E9496B04B
:108FC0008B01D82FC92F9B01482F592FB301C40102
:108FD0000E945FB718161CF08301D82DC92D809010
:108FE000660390906703A0906803B09069039801AE
:108FF0004D2F5C2FC501B4010E945FB71816E4F431
:1090000020E037ED43EA5CE3B8018D2F9C2F0E94EE
:10901000F5B02B013C0128E431EE4AE75FE3C501DE
:10902000B4010E94F5B09B01AC01C301B2010E94E2
:1090300039B58B01D82FC92FC801AD2FBC2F809314
:10904000660390936703A0936803B0936903B80124
:109050008D2F9C2F0E947DB6CB010E949D1A34E675
:10906000C30ED11CE11CF11CC0926A03D0926B03A9
:10907000E0926C03F0926D030E94E29D80911605D0
:10908000882309F409C10E94D4946B017C01C0912A
:109090000102CC23F1F08091BF038823D1F04091ED
:1090A0007703509178036091790370917A03970167
:1090B0008601041B150B260B370BB901A80177FDA0
:1090C0001AC0833009F4E3C00CF0D2C081300CF038
:1090D000D7C02C2F30E0A8EEB3E00E94B2B4C60E89
:1090E000D71EE81EF91EC0927703D0927803E09253
:1090F0007903F0927A038091C506813009F072C03D
:109100000E94D4946B017C0180917303909174034D
:10911000A0917503B0917603A7019601281B390B26
:109120004A0B5B0BDA01C901B7FD3AC0D701C60192
:10913000805F984DAF4FBF4F80937303909374033C
:10914000A0937503B09376038090BD069090BE0601
:10915000A090BF06B090C0060E944D2DAB01BC018F
:109160004093BD065093BE066093BF067093C00641
:109170008091CA069091CB06A091CC06B091CD0605
:1091800088199909AA09BB09840F951FA61FB71F43
:109190008093CA069093CB06A093CC06B093CD06DD
:1091A00080916F0390917003A0917103B09172034D
:1091B00097018601081B190B2A0B3B0BD901C8012B
:1091C000B7FD10C010E8C10E1EEED11E16E3E11E61
:1091D000F11CC0926F03D0927003E0927103F09281
:1091E00072037DD98091B503882309F455C00E948C
:1091F000D4946B017C018091B1039091B203A09152
:10920000B303B091B403A7019601281B390B4A0B95
:109210005B0BDA01C901B7FD3FC02091B50330E017
:10922000A8EEB3E00E94B2B4C60ED71EE81EF91E27
:10923000C092B103D092B203E092B303F092B403B0
:1092400080E00E94FA988AE0DF91CF911F910F9100
:10925000FF90EF90DF90CF90BF90AF909F908F9056
:109260007F906F905F904F903F902F900C942031A3
:10927000843009F02ECF0E94893680E193E004C04B
:109280000E9489368FE393E00E945C3222CF0E94D5
:10929000893688E293E0F8CFDF91CF911F910F914B
:1092A000FF90EF90DF90CF90BF90AF909F908F9006
:1092B0007F906F905F904F903F902F900895909186
:1092C000CF0E8091D00E981306C08091FF0690912A
:1092D0000007892B19F080E074DBF1CF0895FC01C1
:1092E00020813181428153816091920C7091930C65
:1092F0008091940C9091950C0E94F5B00E946AB7F1
:109300006093DD0E7093DE0E8093DF0E9093E00E7F
:109310009091CF0E8091D00E98130C945E8ECFDF7B
:109320000E94C5224091DD0E5091DE0E6091DF0E4D
:109330007091E00E4093ED045093EE046093EF04BF
:109340007093F00481110C94D22208954F925F9291
:109350006F927F928F929F92AF92BF92CF92DF9245
:10936000EF92FF92CF93DF93EC012091920C30911A
:10937000930C4091940C5091950C6C857D858E8555
:109380009F850E94F5B00E946AB76B017C01209115
:109390008E0C30918F0C4091900C5091910C6885FF
:1093A00079858A859B850E94F5B00E946AB74B013A
:1093B0005C0120918A0C30918B0C40918C0C509167
:1093C0008D0C6C817D818E819F810E94F5B00E9401
:1093D0006AB72B013C012091860C3091870C40919B
:1093E000880C5091890C688179818A819B810E94C7
:1093F000F5B00E946AB76093D10E7093D20E80933D
:10940000D30E9093D40E4092D50E5092D60E609209
:10941000D70E7092D80E8092D90E9092DA0EA0924A
:10942000DB0EB092DC0EC092DD0ED092DE0EE0922A
:10943000DF0EF092E00E9091CF0E8091D00E981733
:1094400081F0DF91CF91FF90EF90DF90CF90BF90B0
:10945000AF909F908F907F906F905F904F900C9403
:109460005E8E2DDF0E94C522C82F81ED9EE00E94F6
:1094700039A2CC2381F0DF91CF91FF90EF90DF9064
:10948000CF90BF90AF909F908F907F906F905F90A4
:109490004F900C94D222DF91CF91FF90EF90DF900C
:1094A000CF90BF90AF909F908F907F906F905F9084
:1094B0004F9008958F929F92AF92BF92CF92DF927A
:1094C000EF92FF920F931F93CF93DF9300D000D0C2
:1094D0001F921F92CDB7DEB77C016B018A01F901A3
:1094E00080809180A280B38020E030E0A901B401A7
:1094F000C5010E9490B0811195C0509147024091E2
:1095000048023091490220914A02852F942FA32FBF
:10951000B22F89839A83AB83BC8320E030E0A9011A
:10952000B401C5010E9490B0811106C0812C912C1C
:1095300080E2A82E91E4B92EC401D5018D839E83CB
:10954000AF83B887F80180809180A280B380A501A5
:109550009401609157027091580280915902909144
:109560005A020E9490B087FF0CC0809257029092DE
:109570005802A0925902B0925A02CE0105960E945A
:10958000F11CF60180819181A281B381F7014081B4
:1095900051816281738140934F02509350026093D6
:1095A0005102709352028093530290935402A093FD
:1095B0005502B0935602CE0101960E94F11CF801AB
:1095C000C080D180E280F380A701960160915702AC
:1095D000709158028091590290915A020E945FB78F
:1095E000181664F4C0925702D0925802E0925902C1
:1095F000F0925A02CE0105960E94F11C60DE289678
:109600000FB6F894DEBF0FBECDBFDF91CF911F9193
:109610000F91FF90EF90DF90CF90BF90AF909F9011
:109620008F900895582D492D3A2D2B2D6ECFCF9325
:10963000DF9300D000D01F921F92CDB7DEB7AC01F0
:109640009B0198E0EFE4F2E0DE01119601900D92AB
:109650009A95E1F7BE016B5F7F4FCE0101962ADF3D
:1096600028960FB6F894DEBF0FBECDBFDF91CF9125
:1096700008950F931F93CF93DF93EC018B0164EF59
:1096800071E080E090E00E94F71DB801CE01CFDFCD
:10969000C0919F0610929F0682E00E9441230E9483
:1096A0001E25C3FBCC27C0F981E08C27DF91CF9129
:1096B0001F910F910895AF92BF92CF92DF92EF92D8
:1096C000FF920F931F93CF93DF9300D01F92CDB7DC
:1096D000DEB7FC01E080F18002811381611112C0CC
:1096E000A0905702B0905802C0905902D0905A02F0
:1096F0009501A601B701C8010E9490B087FF02C082
:109700007501860120E030E048EC53E4B701C80160
:109710000E9490B087FD04C0E12CF12C08EC13E40A
:10972000C701D80189839A83AB83BC836CEE72E056
:10973000CE0101967CDF0F900F900F900F90DF917C
:10974000CF911F910F91FF90EF90DF90CF90BF903E
:10975000AF900895CF92DF92EF92FF921F93CF9335
:10976000DF93CDB7DEB72C970FB6F894DEBF0FBEF0
:10977000CDBF182F882349F180E090E0A0EAB0E443
:1097800089839A83AB83BC83C090AA06D090AB0632
:10979000E090AC06F090AD0620E030E0A901C701F2
:1097A000B6010E9490B087FF0CC0A701960160E04F
:1097B00070E080EA90E40E9438B569837A838B83F5
:1097C0009C8360E0CE01019676DF88E0EFE4F2E072
:1097D000DE01119601900D928A95E1F719861A869D
:1097E0001B861C869E01275F3F4F47E552E0BE0166
:1097F0006B5F7F4FCE0101965DDE1093A1060E9444
:109800003E2D2C960FB6F894DEBF0FBECDBFDF9174
:10981000CF911F91FF90EF90DF90CF9008958091AE
:10982000A106882311F080E095DF80E00895CF93B2
:10983000DF9300D01F92CDB7DEB780E090E0A0E2CA
:10984000B1E489839A83AB83BC8361E0CE01019646
:1098500032DF0F900F900F900F90DF91CF9108950E
:109860008F929F92AF92BF92CF92DF92EF92FF9230
:109870000F931F93CF93DF93CDB7DEB760970FB6EB
:10988000F894DEBF0FBECDBF8B0140E050E068EC26
:1098900072E449875A876B877C8740E050E060EA32
:1098A00070E44D875E876F87788B8130B9F18230A5
:1098B00009F462C020E030E040E050E460915702DB
:1098C000709158028091590290915A020E9439B5C4
:1098D0004B017C0120E030E048EC53E40E945FB78C
:1098E000181634F4812C912C88ECE82E93E4F92E90
:1098F000F801A084B184C284D3849401A701B50186
:10990000C6010E945FB7181614F054016701C50123
:10991000D60189839A83AB83BC8351C0BE01635F48
:109920007F4FC801089683DE88E0F801DE011196BA
:1099300001900D928A95E1F79E01275F3F4F47E521
:1099400052E0BE016B5F7F4FCE010196B3DD0E94F6
:10995000FD2360960FB6F894DEBF0FBECDBFDF913A
:10996000CF911F910F91FF90EF90DF90CF90BF901C
:10997000AF909F908F900895F801208531854285A2
:1099800053856091570270915802809159029091CD
:109990005A020E9439B56B017C0120E030E048ECAE
:1099A00053E40E9490B087FD06C0C12CD12C28EC56
:1099B000E22E23E4F22EC982DA82EB82FC82BE011F
:1099C000635F7F4FCE010196AECF0E94C52290917A
:1099D000D00E9093CF0E9093CE0E9093CD0E94E632
:1099E0009093CC0E21ED33E0309300072093FF06D7
:1099F00081110E94D22281E08093D40460DC8EEF3A
:109A00000E9441230C941E25CF93C82F882379F000
:109A100020E030E0A9016091390470913A0480910E
:109A20003B0490913C040E9490B0882361F18091A6
:109A300038048C1741F143DC8FE492E00E946A20E5
:109A40008091380491E08927809338048823C1F0FD
:109A50008FE492E00E94031B9B01AC0160915702CE
:109A6000709158028091590290915A020E9438B523
:109A700060935702709358028093590290935A0250
:109A8000CF910C941E25CF9108952F923F924F9223
:109A90005F926F927F928F929F92AF92BF92CF927E
:109AA000DF92EF92FF920F931F93CF93DF93CDB787
:109AB000DEB7C958D1090FB6F894DEBF0FBECDBFCF
:109AC0002DB73EB7C857DF4F39832883C858D040D9
:109AD00001E029E834E044E050E0BE0167587F4FE0
:109AE00081E494E00E94623043E050E0BE01675898
:109AF0007F4F80EF92E00E9417B8892B09F44DC088
:109B0000ED968FADED97882339F08FE3EA968FAF0E
:109B1000EA97EB961FAEEB970E94893689E897E1AA
:109B20000E945C32CE0187589F4F0E9427318BE7FD
:109B300097E10E945C3211E080918804811107C096
:109B400080911605833018F080E00E940D43812F2C
:109B5000C857DF4F28813981C858D0400FB6F894D4
:109B60003EBF0FBE2DBFC757DF4F0FB6F894DEBF05
:109B70000FBECDBFDF91CF911F910F91FF90EF905E
:109B8000DF90CF90BF90AF909F908F907F906F901D
:109B90005F904F903F902F90089510918804CE01D0
:109BA0008F579F4F0E940631E9961CAE1DAE1EAE28
:109BB0001FAEE99710928A0410928904CE01815851
:109BC0009F4F0E940631C158DF4F88819981CF573E
:109BD000D0408B38924009F037C1CE018B579F4F50
:109BE0000E94FA30ADB6BEB6CB57DF4FC880C5581D
:109BF000D040D12C83E0C80ED11CCC0CDD1CCC0C89
:109C0000DD1CEDB7FEB7EC19FD090FB6F894FEBFE9
:109C10000FBEEDBF2DB73EB72F5F3F4FCA57DF4F87
:109C200039832883C658D0408DB79EB78C199D09BB
:109C30000FB6F8949EBF0FBE8DBFEDB7FEB731963D
:109C40004F012DB73EB72C193D090FB6F8943EBF12
:109C50000FBE2DBF8DB79EB701967C01B601CA57C6
:109C6000DF4F88819981C658D0400E94123101E0AF
:109C7000012729E834E044E050E062E87CE081E438
:109C800094E00E946230B601C4010E941231B60114
:109C9000C7010E941231111157C0CB57DF4F888185
:109CA000C558D04090E00296A2E7BCE050E040E00A
:109CB00030E020E067E777E1E7E6CE2EE7E1DE2E51
:109CC000821793070CF4DAC0CA57DF4FE881F98195
:109CD000C658D040E40FF51F4080518062807380E9
:109CE0004D925D926D927D92821793070CF4CCC0D9
:109CF000F401E40FF51F208031800281E38121010E
:109D0000602E7E2E50964D925D926D927C9253976E
:109D1000821793070CF4C1C0F701E40FF51F2080F0
:109D200031800281E3812101602E7E2E90964D923A
:109D30005D926D927C9293972F5F3F4F4C5F5F4F88
:109D40002430310509F0BCCF86EA9CE00E94AF3098
:109D50008AEA9CE00E94AF308EEA9CE00E94AF301D
:109D600082EB9CE00E94AF3086EB9CE00E94AF301B
:109D7000CE018B589F4F0E94AF30CE018B589F4F22
:109D80000E94AF30CE018B589F4F0E94AF30CE0162
:109D90008B589F4F0E94AF3086ED96E00E94AF3007
:109DA0000FB6F894BEBE0FBEADBE8EEA96E00E941E
:109DB000EB30CE0183599F4F0E94BE30FE01319699
:109DC0007F01CF010E94AF30CE018B589F4F0E9480
:109DD000AF30CE018B589F4F0E94AF30CE018359D8
:109DE0009F4F0E94FA30CE0183589F4F0E94FA3055
:109DF000C7010E940631AE96CFACAE97EE964FAD3E
:109E0000EE9783EC2C2D2827F0E12F9F9001112451
:109E1000842790E0982F88279295907F8227932718
:109E200029813A818217930709F095C2C49E600187
:109E3000112421E0C21AD10808F439C0CE018B5890
:109E40009F4F0E94AF30F5CF0E94EA3481EB96E13C
:109E50000E945C320E9489366091410470914204F4
:109E60006456710986E197E10E94513D6BE872E00A
:109E70008EE097E10E94BD4212E05ECEFB0145906C
:109E80005590659074902CCFF60145905590659053
:109E900074901201062DE72D32CFE7E5F7E14590EA
:109EA0005590659074901201062DE72D3CCF82EA03
:109EB00096E00E94EB300AE00150CE0129F08B5869
:109EC0009F4F0E94AF30F8CF8D579F4F0E94FA30BE
:109ED000CE018C579F4F0E94FA30CE0183589F4F7E
:109EE0000E940631CD57DF4F8881C358D04033ECF4
:109EF0008327E0E18E9FC0011124CC57DF4F2881DA
:109F0000C458D040232730E0322F22273295307FAB
:109F100082279327EF962EAD3FADEF9782179307D9
:109F200009F019C2C7010E94DC30CE0183599F4F4E
:109F30000E94DC30CD57DF4F0881C358D040043039
:109F400009F0D9C1CC57DF4F8881C458D040843044
:109F500009F0D3C1111102C080E056DDBE01635982
:109F60007F4FC7010E94ED190091880481E0082706
:109F700029E834E040E450E068E474E081E494E0EF
:109F80000E946230C7010E94CD30CE0183599F4F9D
:109F90000E94BE30D090880411E01D25012F29E8D1
:109FA00034E040E150E0B70181E494E00E94623087
:109FB000C7010E94CD3029E834E044E150E0B70108
:109FC00081E494E00E946230D1103AC089809A8086
:109FD000AB80BC80A5019401C501B4010E94E5B726
:109FE00081112EC049845A846B847C846D817E816A
:109FF0008F8198858092D00D9092D10DA092D20D34
:10A00000B092D30D21E732EB47E25EE30E94F5B058
:10A010006093D40D7093D50D8093D60D9093D70D8A
:10A0200021E732EB47E25EE3C301B2010E9415B6BD
:10A030006093D80D7093D90D8093DA0D9093DB0D5A
:10A04000012F29E834E042E050E0B70181E494E0D8
:10A050000E946230C7010E94A030C7010E94A03058
:10A06000C7010E94BE30C7010E94BE30C7010E94D6
:10A07000BE3085E0F70111928A95E9F729E834E0CE
:10A0800045E050E0B70181E494E00E946230C701EE
:10A090000E94CD3029E834E040E250E0B70181E48D
:10A0A00094E00E946230CE0183599F4F0E94CD30D0
:10A0B00029E834E049E050E0B70181E494E00E94EF
:10A0C0006230D11011C08981809347048A819B81BD
:10A0D000AC81BD818093430490934404A0934504D4
:10A0E000B09346040E94BDA01091880401E00127AE
:10A0F00029E834E042E150E0B70181E494E00E94B5
:10A10000623011113CC069817A816115710511F4C9
:10A1100060EB74E07093CA0E6093C90E80E99EE014
:10A120000E948C976B817C816115710511F460EB45
:10A1300074E070938E0E60938D0E84E59EE00E9415
:10A140008C976D817E816115710511F46CED75E060
:10A150007093520E6093510E88E19EE00E948C979E
:10A1600069897A896115710511F468EE73E070935D
:10A17000160E6093150E8CED9DE00E948C97C0909A
:10A18000880411E0DC2CD1260D2D29E834E044E2CE
:10A1900050E0B70181E494E00E94623029E834E0A5
:10A1A00040E150E0B70181E494E00E94623029E888
:10A1B00034E042E050E0B70181E494E00E94623074
:10A1C000C11027C0698161706093CB0E612780E95F
:10A1D0009EE00E94BF9869816695617060938F0EC2
:10A1E000612784E59EE00E94BF98698162FB662733
:10A1F00060F96093530E612788E19EE00E94BF984A
:10A200006A8161706093170E61278CED9DE00E945A
:10A21000BF98C7010E94AF30D090880411E01D257F
:10A22000012F29E834E040E150E0B70181E494E0F7
:10A230000E94623029E834E04CE650E0B70181E446
:10A2400094E00E94623019821A821B821C821D8255
:10A250001E821F82188619861A861B861C86C701D5
:10A260000E94A03029E834E048E050E0B70181E4E2
:10A2700094E00E946230C7010E94EB30CE01835807
:10A280009F4F0E94BE30CE0183599F4F0E94AF3036
:10A2900080914104909142048F3E924009F0D4CDC8
:10A2A0002091890430918A04CF57DF4F88819981AA
:10A2B000C158D04028173907A1F5D1101AC00E9403
:10A2C000893680EF92E00E9427316BE872E08EE2DF
:10A2D00097E10E94453D6091890470918A0481E272
:10A2E00097E10E94453D8EE197E10E945C320E9419
:10A2F000222410E021CC053070F5CC57DF4F888147
:10A30000C458D040853038F5089F80011124015091
:10A31000110908F437CECE018B589F4F0E94AF3001
:10A32000F6CF0E94EA34CF57DF4F68817981C15858
:10A33000D0408EED96E10E94453D60918904709178
:10A340008A0489ED96E10E94453D89EC96E10E94E0
:10A350005C3213E0F1CB0E94EA348EEF96E10E946A
:10A360005C3214E0E9CB84E690E090934204809361
:10A37000410410928A041092890487CBA2E7BCE0C2
:10A3800090E080E0FC01E559F84E459155916591CA
:10A3900074914D935D936D937D93FC01E55AF84E56
:10A3A000459155916591749150964D935D936D9340
:10A3B0007C935397FC01E55BF84E4591559165916F
:10A3C000749190964D935D936D937C9393970496BF
:10A3D00080319105B9F680E29EE4A0E0B0E0809380
:10A3E000820C9093830CA093840CB093850C80E036
:10A3F00090E0A8E4B4E48093A60C9093A70CA093FB
:10A40000A80CB093A90C80E090E0AAEFB4E480938C
:10A41000AA0C9093AB0CA093AC0CB093AD0C80E065
:10A4200090E0AAE7B4E48093AE0C9093AF0CA093B5
:10A43000B00CB093B10C1092B20C1092B30C1092FD
:10A44000B40C1092B50C1092B60C1092B70C10927E
:10A45000B80C1092B90C84EF9DEFA4E5BCE3809397
:10A46000D6069093D706A093D806B093D90610923B
:10A47000B6061092B7061092B8061092B90610925E
:10A48000B2061092B3061092B4061092B50610925E
:10A49000AE061092AF061092B0061092B10680E0A0
:10A4A000B3DA0E945A1A1092A2061092A3061092D2
:10A4B000A4061092A5061092A6061092A706109266
:10A4C000A8061092A9068DEC9CECACE4BEE3809348
:10A4D000AA069093AB06A093AC06B093AD068AE9AA
:10A4E00099E9A1EBB1E48093D00D9093D10DA093A5
:10A4F000D20DB093D30D81EE9CE1A5E3BEE3809332
:10A50000D40D9093D50DA093D60DB093D70D83E3C2
:10A5100097E0AEE2B4E48093D80D9093D90DA09368
:10A52000DA0DB093DB0D1092470480E090E0A0EECE
:10A53000BFE38093430490934404A0934504B093F5
:10A54000460410921405109213050E943E2D0E949D
:10A55000BDA00E9422240E94893685EC95E10C94CE
:10A56000C14281E080938804FEDE1092880481114C
:10A5700006C0F9DE91E0811190E0892F0895FEDE9A
:10A580000E94A63F0E94893681EB95E10E945C32D1
:10A59000F3CF9091CF0E8091D00E981308C0809188
:10A5A000FF0690910007892B11F40C941A2080E08B
:10A5B0000E94E144EECF2F923F924F925F926F92B2
:10A5C0007F928F929F92AF92BF92CF92DF92EF9243
:10A5D000FF920F931F93CF93DF93CDB7DEB7AC9766
:10A5E0000FB6F894DEBF0FBECDBF87E094E00E94A7
:10A5F00075188091710C83FD70C020915B023091C1
:10A600005C0240915D0250915E0260911304709172
:10A61000140480911504909116040E9490B0882330
:10A6200009F45BC00E944620182F882331F00E9455
:10A63000893687E592E10E945C3220915B0230917D
:10A640005C0240915D0250915E0260911304709132
:10A65000140480911504909116040E9438B56B0182
:10A660007C0120E030E0A9010E945FB787FF04C0B1
:10A67000F7FAF094F7F8F09420914B0230914C02E5
:10A6800040914D0250914E02C701B6010E94F5B0B3
:10A6900020E030E048E453E40E945FB71816DCF491
:10A6A0000E94893688E392E10E945C328091130413
:10A6B00090911404A0911504B091160480935B024C
:10A6C00090935C02A0935D02B0935E0283E194E0FC
:10A6D0000E946F4902C01111E9CF2AE037ED43E231
:10A6E0005CE36091130270911402809115029091C5
:10A6F00016020E94F5B06B017C016091110270910D
:10A700001202072E000C880B990B0E9496B09B0139
:10A71000AC01C701B6010E94F5B06D8F7E8F8F8F9F
:10A7200098A380913804882309F46CC020914F02CB
:10A7300030915002409151025091520260910704B1
:10A74000709108048091090490910A040E9438B520
:10A7500069A37AA38BA39CA3209153023091540246
:10A76000409155025091560260910B0470910C0477
:10A7700080910D0490910E040E9438B56DA37EA3C4
:10A780008FA398A720915702309158024091590207
:10A7900050915A0260910F0470911004809111043D
:10A7A000909112040E9438B569A77AA78BA79CA73D
:10A7B00020915B0230915C0240915D0250915E02FB
:10A7C0006091130470911404809115049091160403
:10A7D0000E9438B54B015C0120E030E0A90169A17D
:10A7E0007AA18BA19CA10E9490B081111BC020E096
:10A7F00030E0A9016DA17EA18FA198A50E9490B023
:10A80000811110C019821A821B821C821D821E8235
:10A810001F82188619861A861B861C86AE014F5F1A
:10A820005F4F29C129A13AA14BA15CA1CA01B9017D
:10A830000E94F5B06B017C012DA13EA14FA158A54E
:10A84000CA01B9010E94F5B09B01AC01C701B60174
:10A850000E9439B56B017C0129A53AA54BA55CA5E1
:10A86000CA01B9010E94F5B09B01AC01C701B60154
:10A870000E9439B56B017C01A5019401C501B401A9
:10A880000E94F5B09B01AC01C701B6010E9439B529
:10A890000E94A4B76B017C012DEB37E346E855E33A
:10A8A0000E9490B087FF0FC020E030E0A901C501F1
:10A8B000B4010E945FB77501640187FF04C0F7FA15
:10A8C000F094F7F8F0942DEB37E346E855E3C70131
:10A8D000B6010E9490B087FDD5C020E030E040EA8C
:10A8E00050E4C701B6010E9415B60E9482B61B0152
:10A8F000672B19F422242394312CB10190E080E0DD
:10A900000E9494B09B01AC0160E070E080E89FE39E
:10A910000E9415B62B013C01AC019B0169A17AA1F3
:10A920008BA19CA10E94F5B069A37AA38BA39CA3E1
:10A93000A30192016DA17EA18FA198A50E94F5B0FF
:10A940006DA37EA38FA398A7A301920169A57AA501
:10A950008BA59CA50E94F5B069A77AA78BA79CA799
:10A96000A3019201C501B4010E94F5B04B015C0145
:10A97000A3019201C701B6010E94F5B0698B7A8BE1
:10A980008B8B9C8B1D8A1E8A1F8A188E198E1A8E9D
:10A990001B8E1C8E80E1EFE4F2E08E010F5F1F4FF3
:10A9A000D80101900D928A95E1F70E94D4946B0131
:10A9B0007C0128ECC20ED11CE11CF11C81E0281A9C
:10A9C000310809F455C00E94D4942B013C014C1865
:10A9D0005D086E087F0877FC77C06B017C0128EC6E
:10A9E000C20ED11CE11CF11C80E00E94E14429A1AF
:10A9F0003AA14BA15CA169817A818B819C810E94E3
:10AA000039B569837A838B839C832DA13EA14FA1A5
:10AA100058A56D817E818F8198850E9439B56D839F
:10AA20007E838F83988729A53AA54BA55CA5698568
:10AA30007A858B859C850E9439B569877A878B8753
:10AA40009C87A50194016D857E858F8598890E94DC
:10AA500039B56D877E878F87988BAE014F5E5F4FCC
:10AA6000BE01635E7F4FC8010E94278E8111A6CF71
:10AA7000AE014F5E5F4FBE01635E7F4F87E094E0A3
:10AA80000E94278E80E1E7E0F4E0AFE4B2E00190BD
:10AA90000D928A95E1F7AC960FB6F894DEBF0FBE23
:10AAA000CDBFDF91CF911F910F91FF90EF90DF907D
:10AAB000CF90BF90AF909F908F907F906F905F905E
:10AAC0004F903F902F9008950E94E29D90CF2F923B
:10AAD0003F924F925F926F927F928F929F92AF922E
:10AAE000BF92CF92DF92EF92FF920F931F93CF937B
:10AAF000DF93CDB7DEB763970FB6F894DEBF0FBE16
:10AB0000CDBF9091710C93FD49C1898383E50E946B
:10AB1000CD198887882309F439C10E94671E8C38B3
:10AB200091050CF054C190930905809308050E948B
:10AB3000D02D698131E0632789810E94379B49814B
:10AB4000442309F42BC151E0509310021A821B8256
:10AB50001C821D8219861A861B861C861E868CE323
:10AB60008F879CE1988BA6E4A98B312C212CB0E82F
:10AB7000BA8B2FEB2B8B198231E03D87812C912CE6
:10AB800054016091080570910905072E000C880B8F
:10AB9000990B0E9496B07B018C01232D322D4A899E
:10ABA0005B890E9490B08823B9F020910405309110
:10ABB000050540910605509107058885B70181116B
:10ABC00009C1C8010E9490B0881F8827881F898307
:10ABD0003E2C2F2C0A8B1B8B0E94D4946B017C0182
:10ABE000DC01CB0129853A854B855C85821B930B63
:10ABF000A40BB50BB7FD2EC0D701C60188519C4FE1
:10AC0000AF4FBF4F89879A87AB87BC8780E00E9490
:10AC1000FA988AE790E10E945C3281149104A104C1
:10AC2000B10409F4E9C0C501B4016053784F8F4FF6
:10AC30009F4F6C197D098E099F0928EE33E040E093
:10AC400050E00E946AB4CA01B9010E94062E8AE04F
:10AC50000E94203180E00E94E1440E94D4946093DD
:10AC6000E3037093E4038093E5039093E6039091EC
:10AC700004059E83A0910505AF8300910605109100
:10AC80000705292F3A2FA801632D722D8A899B89E8
:10AC90000E9438B52B013C0120E030E0A9010E9460
:10ACA0005FB787FF04C077FA709477F870948114C7
:10ACB0009104A104B10409F0A3C020E030E040E811
:10ACC0005FE3C301B2010E9490B087FF10C0BD8551
:10ACD000812C912C5401BB2331F08AE9882E82E02B
:10ACE000982EA12CB12C8C0C9D1CAE1CBF1C298154
:10ACF0002223A9F18A819B81AC81BD81892B8A2B7A
:10AD00008B2B61F0D701C6012A813B814C815D818B
:10AD1000821B930BA40BB50BB7FD21C02E813F8185
:10AD2000A8016E857F85888999890E9438B520E0C1
:10AD300030E040E85FE30E9490B087FD50C0D7014B
:10AD4000C601805A9541AF4FBF4F8A839B83AC8326
:10AD5000BD839E819E87AF81AF87088B198B8091C1
:10AD600010028823E1F181149104A104B10461F07F
:10AD7000B0EDCB1AB7E0DB0AE108F108C818D90832
:10AD8000EA08FB08F7FE2BC01D86FBCE2981222393
:10AD900029F082E50E94CD198111BFCE63960FB6CE
:10ADA000F894DEBF0FBECDBFDF91CF911F910F9101
:10ADB000FF90EF90DF90CF90BF90AF909F908F90DB
:10ADC0007F906F905F904F903F902F9008958CE808
:10ADD00090E0A9CEC8010E9490B087FF07C0809183
:10ADE00010028823D9F210921002D8CF3E2C2F2CBB
:10ADF0000A8B1B8B1982F0CE8FE30E94203127CF64
:10AE000020E030E040E450E4C301B2010E945FB7AB
:10AE100018160CF06CCF4601570169CF2F923F9264
:10AE20004F925F926F927F928F929F92AF92BF925A
:10AE3000CF92DF92EF92FF920F931F93CF93DF9306
:10AE4000CDB7DEB765970FB6F894DEBF0FBECDBFA6
:10AE50009091710C93FD98C189830E946E378A8707
:10AE600087FD92C183E50E94CD198B87882309F461
:10AE70006FC10E94671E0E949D1A61E089810E9435
:10AE8000379B21E02C8B83E50E94CD19882331F07C
:10AE90000E94671E90930F0280930E0282E40E942C
:10AEA000CD19882331F00E94671E90930D02809384
:10AEB0000C0286E40E947F19882309F454C10E9481
:10AEC000771E609308027093090280930A029093A0
:10AED0000B0241E04B8320E030E0A9010E9490B0DA
:10AEE000811101C01B825B815093F7048981882303
:10AEF00009F44AC19C89992309F446C11092F704C8
:10AF000081E0809310021D821E821F8218861C869B
:10AF10001D861E861F86188AACE3A98BBCE1BA8BFE
:10AF200026E42B8B312C212C30E839834FEB4A83DC
:10AF30001C82812C912C54016091B80D7091B90D37
:10AF4000072E000C880B990B0E9496B0F62E072F47
:10AF5000182F9987232D322D49815A810E9490B054
:10AF60008823D1F02091B40D3091B50D4091B60DEC
:10AF70005091B70D8B856F2D702F8111F8C0812FE7
:10AF800099850E9490B0881F8827881F8C833F2C4A
:10AF9000202E198399859A830E94D4946B017C0199
:10AFA000DC01CB012C853D854E855F85821B930B93
:10AFB000A40BB50BB7FD2EC0D701C60188519C4F1D
:10AFC000AF4FBF4F8C879D87AE87BF878A850E9412
:10AFD000FA9886E790E10E945C3281149104A10402
:10AFE000B10409F4F1C0C501B40168517C4F8F4F21
:10AFF0009F4F6C197D098E099F0928EE33E040E0D0
:10B0000050E00E946AB4CA01B9010E94062E8AE08B
:10B010000E94203180E00E94E1440E94D494609319
:10B02000E3037093E4038093E5039093E603909128
:10B03000B40D99870091B50D1091B60DA091B70D83
:10B04000AD8B292F302F412F5A2F632D722D8981DF
:10B050009A810E9438B52B013C0120E030E0A90123
:10B060000E945FB787FF04C077FA709477F87094F6
:10B0700081149104A104B10409F0AAC020E030E0D9
:10B0800040E85FE3C301B2010E9490B087FF10C0A7
:10B09000BC89812C912C5401BB2331F08DE4882E86
:10B0A00099249394A12CB12C8C0C9D1CAE1CBF1C1C
:10B0B0002C812223B1F18D819E81AF81B885892BAE
:10B0C0008A2B8B2B61F0D701C6012D813E814F81E8
:10B0D0005885821B930BA40BB50BB7FD22C02985A5
:10B0E000302F412F5D89688979898A899B890E94DF
:10B0F00038B520E030E040EC5FE30E9490B087FD7F
:10B100003CC0D701C601805A9541AF4FBF4F8D83D8
:10B110009E83AF83B8879985988B098B1A8BAD89ED
:10B12000AB8B80911002882341F181149104A1041A
:10B13000B10461F0B8EECB1AB3E0DB0AE108F10824
:10B14000C818D908EA08FB08F7FE17C01C8AF4CE15
:10B150003981311102C01C8A96CE82E50E94CD1938
:10B16000811187CEF8CF60E070E0CB01AACE812FAD
:10B1700099850E9490B087FF20C0809110028111B4
:10B1800035C02B812093F70465960FB6F894DEBF87
:10B190000FBECDBFDF91CF911F910F91FF90EF9028
:10B1A000DF90CF90BF90AF909F908F907F906F90E7
:10B1B0005F904F903F902F9008953F2C202E198341
:10B1C000A985AA831C82E8CE8FE30E9420311FCF7D
:10B1D00020E030E040E850E4C301B2010E945FB7D4
:10B1E00018160CF065CF4601570162CF109210027D
:10B1F000C8CF2F923F924F925F926F927F928F9221
:10B200009F92AF92BF92CF92DF92EF92FF920F93F5
:10B210001F93CF93DF93CDB7DEB7C058D1090FB6D8
:10B22000F894DEBF0FBECDBF80E090E0A8E4B2E4AA
:10B2300089839A83AB83BC83C12CD12C60EAE62E30
:10B2400060E4F62EE396CCAEDDAEEEAEFFAEE39755
:10B25000E796CCAEDDAEEEAEFFAEE7979E012F5F78
:10B260003F4F47E552E0BE0161597F4FCE018D58F7
:10B270009F4F0E945A4AC982DA82EB82FC8280E0A8
:10B2800090E0A0E4B0E4E3968CAF9DAFAEAFBFAF6B
:10B29000E397BE016F5F7F4FCE0181599F4F0E94A0
:10B2A000174B80913804888B8091DA039091DB03EF
:10B2B000A091DC03B091DD03AC01BD01E6E1769520
:10B2C000679557954795EA95D1F740FF07C120E06C
:10B2D00030E0A9016091390470913A0480913B04F7
:10B2E00090913C040E9490B0811107C00E94EA3402
:10B2F00089EC94E00E945C320BC18AE50E94CD1972
:10B30000882339F10E94771E2091C20C3091C30C22
:10B310004091C40C5091C50C0E9438B56B017C0162
:10B3200020E030E040E251ECC701B6010E945FB777
:10B3300087FD0AC020E030E040E251E4C701B601D9
:10B340000E9490B0181674F40E94EA348CEB94E0DA
:10B35000D1CFC0905702D0905802E0905902F0909F
:10B360005A02DECF40E050E060EC7FE788E50E94C3
:10B37000A51E2091BA0C3091BB0C4091BC0C509191
:10B38000BD0C0E9438B52B013C0140E050E060EC60
:10B390007FE789E50E94A51E2091BE0C3091BF0C6D
:10B3A0004091C00C5091C10C0E9438B54B015C011A
:10B3B0006FEF89E40E943C1E182F6FEF8AE40E9411
:10B3C0003C1E082FA3019201C301B2010E94E5B700
:10B3D000811156C0A5019401C501B4010E94E5B7D1
:10B3E00081114EC0209130043091310440913204DB
:10B3F00050913304C301B2010E9438B52091390441
:10B4000030913A0440913B0450913C040E9415B69F
:10B4100020E030E040E05FE30E9439B50E947DB655
:10B42000162F209134043091350440913604509108
:10B430003704C501B4010E9438B520913D04309114
:10B440003E0440913F04509140040E9415B620E014
:10B4500030E040E05FE30E9439B50E947DB6062FE0
:10B46000812F012E000C990B97FD30C0049784F5B5
:10B47000802F002E000C990B97FD2CC0049764F5CB
:10B48000143008F045C0043008F042C080E00E944B
:10B49000044D84E01802F0011124E00FF11D07FDB6
:10B4A000FA95EE0FFF1FEE0FFF1FE85BFB4FC08208
:10B4B000D182E282F3820E94D9198889882341F1DE
:10B4C00081E00E94044D0E94FD2322C010E0D0CFF5
:10B4D00013E0CECF00E0D4CF03E0D2CF49E0B69561
:10B4E000A795979587954A95D1F780FD0CC070E098
:10B4F00060E086E50E946A1E9A838983059710F1B1
:10B5000087E994E0F7CE80E00E94044D0E945A1A29
:10B51000C058DF4F0FB6F894DEBF0FBECDBFDF912E
:10B52000CF911F910F91FF90EF90DF90CF90BF9040
:10B53000AF909F908F907F906F905F904F903F90D3
:10B540002F90089560E084E40E94551E8F8740E0AC
:10B5500050E0BA018AE50E94A51E6BA77CA78DA7C3
:10B560009EA740E050E669EF75E483E50E94A51EC2
:10B5700020E030E040E752E40E9415B660934702B5
:10B58000709348028093490290934A02C090AE069D
:10B59000D090AF06E090B006F090B106A7019601FA
:10B5A00060E070E088EC91E40E9438B5EC966FAFF3
:10B5B000EC97ED967FAFED97EE968FAFEE97EF9607
:10B5C0009FAFEF97A701960160E070E089EB93E4ED
:10B5D0000E9438B5E8966FAFE897E9967FAFE99794
:10B5E000EA968FAFEA97EB969FAFEB97C090B206C3
:10B5F000D090B306E090B406F090B506A70196018E
:10B6000060E070E088EC91E40E9438B5762E872ED9
:10B61000982EA92EA701960160E070E88BEB93E4C9
:10B620000E9438B5B62E072F182F292E88E40E94C5
:10B630007F19882309F435C20E94771E0E947DB6C7
:10B640006B0177FF02C06F5F7F4F75956795EE279F
:10B65000FF27E61BF70BC158DF4FF983E883CF576D
:10B66000D040BF0168537F4F072E000C880B990B09
:10B670000E9496B0362E472E582E692E262F372F31
:10B68000482F592F672D782D892D9A2D0E9490B023
:10B6900087FD03C0372C24016A2CC158DF4F688115
:10B6A0007981CF57D0406B537F4F072E000C880B0A
:10B6B000990B0E9496B0762E872E982EA92E262FB3
:10B6C000372F482F592FEC966FADEC97ED967FAD45
:10B6D000ED97EE968FADEE97EF969FADEF970E94A8
:10B6E00090B087FD0CC0EC967FACEC97ED968FACDC
:10B6F000ED97EE969FACEE97EF96AFACEF97872D58
:10B70000982DA92DBA2D8B8B9C8BAD8BBE8B832D49
:10B71000942DA52DB62D8F8B988FA98FBA8FB6013A
:10B72000DD0C880B990B0E9496B06B017C01AC017B
:10B730009B01632D742D852D962D0E9439B5362ED3
:10B74000472E582E692E262F372F482F592F6B2D15
:10B75000702F812F922D0E945FB718161CF4B32C06
:10B760008201262CA7019601672D782D892D9A2D0F
:10B770000E9439B56B017C019B01AC01E8966FAD6D
:10B78000E897E9967FADE997EA968FADEA97EB9651
:10B790009FADEB970E945FB7181664F4E896CFAEA2
:10B7A000E897E996DFAEE997EA96EFAEEA97EB966F
:10B7B000FFAEEB97E8968FADE897E9969FADE997D6
:10B7C000EA96AFADEA97EB96BFADEB978B8F9C8F68
:10B7D000AD8FBE8F8B2D902FA12FB22D8F8F98A361
:10B7E000A9A3BAA3BE01695E7F4FCE0143960E9412
:10B7F000F08E882309F496C1BE01615E7F4FCE01B1
:10B800004B960E94F08E882309F48CC12F89388DC5
:10B81000498D5A8D6F8D78A189A19AA10E9438B562
:10B8200020E030E040E450E40E9415B66B017C015A
:10B830002B893C894D895E896B8D7C8D8D8D9E8D8C
:10B840000E9438B520E030E040E450E40E9415B694
:10B850006BA37CA38DA39EA3CFA2D8A6E9A6FAA62C
:10B8600089819A811816190674F485E694E00E947D
:10B870005C328F85882321F08BE594E00E945C3256
:10B880008AE00E9420310E945F490E94361980E0C0
:10B890000E94044D8091A106811103C081E00E94A5
:10B8A000AA4B8F85811146C02091390430913A040A
:10B8B00040913B0450913C046BA17CA18DA19EA1C1
:10B8C0000E9490B0811130C020913D0430913E041F
:10B8D00040913F04509140046FA178A589A59AA595
:10B8E0000E9490B0811120C0209130043091310429
:10B8F00040913204509133046B897C898D899E89F3
:10B900000E9490B0811110C0209134043091350410
:10B9100040913604509137046F89788D898D9A8DC6
:10B920000E9490B0882331F080E00E94044D0E9474
:10B930005A1A188A60E085E40E94551EDD24D394CB
:10B94000811102C023E0D22E1B861C861D861E8616
:10B950001A8AE12C662463941A8914300CF0ECC026
:10B960006B857C858D859E859B01AC010E94E5B72A
:10B970008111E2C0CC24C39494E0792EE11005C07B
:10B98000CC24CA9477247A9483E0E624F12EFF0C29
:10B99000FF0CF394898B19896A89171509F4C8C0BB
:10B9A000062E000C770B880B990B0E9496B02FA1E6
:10B9B00038A549A55AA50E94F5B02F89388D498D23
:10B9C0005A8D0E9439B54B015C01612F110F770B25
:10B9D000880B990B0E9496B02BA13CA14DA15EA1B2
:10B9E0000E94F5B02B893C894D895E890E9439B54A
:10B9F0006B837C838D839E838F829886A986BA868B
:10BA000089819A81892B79F06F2D87E494E00E94D7
:10BA1000433360E170E085E494E00E94513D82E4AC
:10BA200094E00E945C3229814D2DBE01695F7F4FF9
:10BA3000CE0103960E94AC8F4B015C018B869C86E5
:10BA4000AD86BE86AC019B010E94E5B781116DC039
:10BA500009898A89F4E00F0280011124080F111D61
:10BA600087FD1A95000F111F000F111F81E090E054
:10BA70008C0F9D1F080F191FA50194016BA57CA5B4
:10BA80008DA59EA50E9439B5F80166A777A780AB62
:10BA900091AB188A81E00E94E144F39489898C0D6E
:10BAA00079CF472D582D692D7A2D86E40E94A51E49
:10BAB0006B017C01EC964FADEC97ED965FADED9789
:10BAC000EE966FADEE97EF967FADEF978CE40E9408
:10BAD000A51E6B8B7C8B8D8B9E8BCF8AD88EE98E2F
:10BAE000FA8E4B2D502F612F722D82E40E94A51EDD
:10BAF0006B017C01E8964FADE897E9965FADE99759
:10BB0000EA966FADEA97EB967FADEB9782E50E94E0
:10BB1000A51E6B8F7C8F8D8F9E8FCF8ED8A2E9A2B2
:10BB2000FAA260CE8BE794E0E5CB88890E94044DB1
:10BB30008A898F5F8A8B10CF0E940F4C882359F01F
:10BB400088890E94044D80E090E0A0ECBFE78B87DD
:10BB50009C87AD87BE876B857C858D859E859B0187
:10BB6000AC010E94E5B7811110C08F85882391F048
:10BB7000CE018F960E9477348F85882319F08889AB
:10BB8000882319F081E00E94044D0E941D190E9433
:10BB9000174C99CCBE016D5E7F4FCE0183960E94FB
:10BBA000ED1980E4FE01BF96A8E4B4E001900D9287
:10BBB0008A95E1F70E94D91990E080E0DBCF2F92BF
:10BBC0003F924F925F926F927F928F929F92AF922D
:10BBD000BF92CF92DF92EF92FF920F931F93CF937A
:10BBE000DF93CDB7DEB7CE57D1090FB6F894DEBFDD
:10BBF0000FBECDBFED968FAFED972DB73EB7EF9649
:10BC00003FAF2EAFEF973091BF03A0963FAFA09705
:10BC100011E01093BF038091E2038D3409F441C613
:10BC2000843511F40C943F72873409F040C10091BF
:10BC3000E0031091E1030B31110509F494C308F0FE
:10BC400039C10430110508F02AC18091160502306F
:10BC5000110508F4D4C1833008F4D7C133243394D8
:10BC60000230110509F0312C0E94BA1E82E50E94B3
:10BC7000CD19882309F4F4C10E94771E6FA378A719
:10BC800089A79AA720E030E0A9010E9490B08823FC
:10BC900009F4FEC040904F02509050026090510253
:10BCA00070905202C0905302D0905402E09055021E
:10BCB000F09056028090070490900804A090090428
:10BCC000B0900A0480910B0490910C04A0910D0493
:10BCD000B0910E048BA79CA7ADA7BEA7A5019401A8
:10BCE000C301B2010E9490B081110BC02BA53CA5ED
:10BCF0004DA55EA5C701B6010E9490B0882309F446
:10BD0000C7C0A3019201C501B4010E9438B520E06B
:10BD100030E040E05FE30E94F5B06FA778AB89ABFD
:10BD20009AABA70196016BA57CA58DA59EA50E9447
:10BD300038B520E030E040E05FE30E94F5B02B0131
:10BD40003C0120E030E0A9016FA178A589A59AA562
:10BD50000E9490B0881F8827881F381609F472C186
:10BD600020E030E040E85FEB2BA73CA74DA75EA7A3
:10BD70002FA538A949A95AA9CA01B9010E94F5B04D
:10BD80006B017C01A3019201C301B2010E94F5B0D5
:10BD90009B01AC01C701B6010E9439B50E94A4B74E
:10BDA0004B015C01AC019B016FA178A589A59AA507
:10BDB0000E9438B56B017C01A50194016FA178A5A3
:10BDC00089A59AA50E9439B59B01AC01C701B601AE
:10BDD0000E94F5B06B017C0120E030E0A9010E94D7
:10BDE0005FB787FD38C1C701B6010E94A4B76FA332
:10BDF00078A789A79AA7C301B2019058A501940119
:10BE00000E9415B62BA53CA54DA55EA50E94F5B0D8
:10BE10002FA138A549A55AA50E94F5B02FA538A98C
:10BE200049A95AA90E9439B56B017C01A501940169
:10BE30006FA578A989A99AA90E9415B62BA53CA53A
:10BE40004DA55EA50E94F5B02FA138A549A55AA51C
:10BE50000E94F5B0A30192010E9439B56FA378A7A3
:10BE600089A79AA720E030E0A901C701B6010E9486
:10BE700090B081110C948D7220E030E0A9016FA187
:10BE800078A589A59AA50E9490B081110C948D7215
:10BE90000E94EA348BE899E00E945C32B6C004301C
:10BEA000110509F424C20531110509F4AEC00E9440
:10BEB0004BA4ABC00A32110509F49AC308F090C034
:10BEC0000D31110509F403C308F46AC20E311105DE
:10BED00071F788E50E94CD19882309F472C30E9486
:10BEE000771E2091BA0C3091BB0C4091BC0C509144
:10BEF000BD0C0E9438B569837A838B839C8389E566
:10BF00000E94CD19882309F465C30E94771E2091F1
:10BF1000BE0C3091BF0C4091C00C5091C10C0E94DE
:10BF200038B56D837E838F839887BE016B5F7F4FAB
:10BF3000CE0101960E94F08E882309F454C380E05C
:10BF40000E94044D0E94361961E085E40E94551E4E
:10BF5000182F21E0482FBE016B5F7F4FCE01019665
:10BF60000E94AC8F6B017C01AC019B010E94E5B784
:10BF700081112EC02091BA0C3091BB0C4091BC0CA9
:10BF80005091BD0C69817A818B819C810E9439B569
:10BF9000AB01BC0180EC99E00E94AB372091BE0C54
:10BFA0003091BF0C4091C00C5091C10C6D817E81CD
:10BFB0008F8198850E9439B5AB01BC018BEB99E06C
:10BFC0000E94AB37B701A60186EB99E00E94F537D6
:10BFD0000E941D1911110E94174C0E94FD2315C0CB
:10BFE0000B35110509F4E7C30C35110509F4E7C356
:10BFF0000A35110509F05BCF1092BE0306C08330ED
:10C0000020F00E94BA1E0E94DB52ED96BFADED9764
:10C01000B11112C0E091180521E6E29FF001112450
:10C02000E658FA4F8081811107C08CE19DE00E94A3
:10C030005C328AE00E942031A0963FADA0973093F9
:10C04000BF03E2C780E090E0A0E8BFE38BA79CA716
:10C05000ADA7BEA78DCE1FA218A619A61AA6CBCE35
:10C0600089E40E94CD19C12CD12C7601882321F0BE
:10C070000E94771E6B017C018AE40E94CD198823FF
:10C0800011F40C947E720E94771EE8CE29AD3AAD71
:10C090004BAD5CAD6FA578A989A99AA90E94F5B0AE
:10C0A0006B017C0121962CAD3DAD4EAD5FAD21976E
:10C0B0006BA57CA58DA59EA50E94F5B09B01AC014A
:10C0C000C701B6010E9439B56B017C0121962CADE8
:10C0D0003DAD4EAD5FAD21976FA578A989A99AA90D
:10C0E0000E94F5B04B015C0129AD3AAD4BAD5CADA2
:10C0F0006BA57CA58DA59EA50E94F5B09B01AC010A
:10C10000C501B4010E9438B5A70196010E94ACB5E3
:10C110006B017C0120E030E0A9010E9490B08823EF
:10C1200011F40C94CE7620E030E0A901C701B601ED
:10C130000E9490B087FF2CC082E090E0832981307C
:10C14000910549F1029791F120E030E0A901C70182
:10C15000B6010E945FB74601570187FF04C0B7FAD6
:10C16000B094B7F8B0942BED3FE049EC50E4C50132
:10C17000B4010E9415B620E030E040E952E40E948C
:10C18000F5B00E94FFB50E9482B68B010C946E73CD
:10C1900090E080E0D3CF2BED3FE049EC50E4C701C5
:10C1A000B6010E9438B56B017C01CECF2BED3FE08C
:10C1B00049EC50E4C701B6010E9439B5F4CF08E458
:10C1C00010E0ABED8A2EAFE09A2EA9ECAA2EA0E4E7
:10C1D000BA2E750164010C946E732DEC3CEC4CECA2
:10C1E0005DE3C501B4010E9490B087FF22C02DEC31
:10C1F0003CEC4CEC5DE36DA979AD8DAD22969FAD25
:10C2000022970E9415B60E94AEB64B015C0120E059
:10C2100030E040E85FE30E9490B087FF06C0812CC9
:10C22000912CF0E8AF2EFFE3BF2EC501B4010C94B2
:10C2300028746BA97CA9C8010C94287424964EAD6F
:10C240005FAD2497BA0190E080E00E9494B02C96F4
:10C250002CAD3DAD4EAD5FAD2C970E94F5B04B01BE
:10C260005C010E9412B66B017C01C501B4010E9401
:10C270009AB74B015C01A70196016FA578A989A91E
:10C280009AA90E94F5B02B013C012FA138A549A520
:10C290005AA5C501B4010E94F5B09B01AC01C301D0
:10C2A000B2010E9439B5662E172F082F792EA501ED
:10C2B00094016FA578A989A99AA90E94F5B04B01AC
:10C2C0005C012FA138A549A55AA5C701B6010E9456
:10C2D000F5B09B01AC01C501B4010E9438B56BA754
:10C2E0007CA78DA79EA779E1572E0C94E77580E572
:10C2F0000E94CD19882399F18091BA039091BB03D4
:10C30000009769F14AE050E070E060E00E94FBAE07
:10C310006B017C0183E50E94CD19882361F00E94A6
:10C32000771E20E030E04AE754E40E94F5B00E9416
:10C3300082B66B017C010E945F490E94D494C60EB4
:10C34000D71EE81EF91E0E94D4946C197D098E092F
:10C350009F0997FF5ACE80E00E94E144F4CFC12CA0
:10C36000D12C7601D7CF0E94A88D81114ECE8CE0C2
:10C37000ECEDF2E0DE01119601900D928A95E1F765
:10C3800080E50E94CD19882349F00E941B1E862F4C
:10C39000BE016F5F7F4F0E94304C37CE80E0F8CFF8
:10C3A00087E00E940425811111C08091DA039091E9
:10C3B000DB03A091DC03B091DD036EE0B695A79599
:10C3C000979587956A95D1F780FD1FCE0E945F49AA
:10C3D00010921C0280E00E94044D0E94D49460934D
:10C3E000E3037093E4038093E5039093E6030E94D4
:10C3F000361981E0809314050E943E2D4091DA03A6
:10C400005091DB036091DC037091DD03DB01CA0115
:10C4100059E1B695A795979587955A95D1F76C01EF
:10C420007D01F1E0CF22DD24EE24FF2467FB00270D
:10C4300000F9172F1170011304C08170801709F4DF
:10C4400043C0CD28CE28CF2819F082E00E948C3638
:10C4500082E50E94CD19F82E60E070E080E490E45F
:10C46000F1100E94771E69837A838B839C8320E07E
:10C4700030E0A901F1100C94607201110C947072FB
:10C480000E9490B0882311F40C94DA76112389F07D
:10C4900060E0CE0101960E945B4B111102C00023A7
:10C4A00041F081E00E948C36002319F080E00E9468
:10C4B0008C360E941E2580911305809314050E94DE
:10C4C0001D190E94FD23A1CD01E011E0BECF0E9405
:10C4D000D4946093E3037093E4038093E503909313
:10C4E000E60380913804811155C08091DA03909160
:10C4F000DB03A091DC03B091DD034DE0B695A79579
:10C50000979587954A95D1F780FF54C06090BB06F8
:10C510007090BC0631EAE32E39E0F32E8DB69EB65C
:10C520006AE070E0C7010E940CB06C018C010E192A
:10C530001F09892B21F4C7010E9417B08C01C80183
:10C5400001962DB73EB7281B390B0FB6F8943EBFA6
:10C550000FBE2DBF4DB75EB74F5F5F4F5A01A801A9
:10C56000B701C5010E9438B0F501E00FF11F10823C
:10C57000C5010E94082E81E022DBC114D10491F094
:10C5800076015FEFE51AF50A0FB6F8949EBE0FBE6E
:10C590008DBEC4CF60E08FE40E94551E882309F44D
:10C5A000A4CF33CD0FB6F8949EBE0FBE8DBEC3018F
:10C5B0000E94082E0E94A88D811127CD0E94F95853
:10C5C00024CD60914F027091500280915102909160
:10C5D000520291CC609153027091540280915502A5
:10C5E000909156029ECC85EA99E00E94C1420DCD01
:10C5F00080911605833008F408CD89E40E94CD1996
:10C60000E82E00E0882319F00E94671E082F8AE4B4
:10C610000E94CD19F82E10E0882319F00E94671EA1
:10C62000182FEE2011F0043020F4FF2039F01430E0
:10C6300028F088EC99E00E945C32E7CC80E1EFE4DE
:10C64000F2E0A7E0B4E001900D928A95E1F7EE20C8
:10C6500011F1602F70E090E080E00E9496B0209190
:10C66000390430913A0440913B0450913C040E94BB
:10C67000F5B0209130043091310440913204509152
:10C6800033040E9439B560930704709308048093C3
:10C69000090490930A04FF2011F1612F70E090E0EB
:10C6A00080E00E9496B020913D0430913E0440917C
:10C6B0003F04509140040E94F5B020913404309121
:10C6C000350440913604509137040E9439B5609387
:10C6D0000B0470930C0480930D0490930E0440E0BF
:10C6E00050E0BA0186E40E94A51E6B017C0120E0A7
:10C6F00030E0A9010E945FB718160CF058C020E086
:10C7000030E040E752E4C701B6010E9415B66B0164
:10C710007C018090130290901402A0901502B090BA
:10C72000160220E030E0A901C701B6010E9490B0D6
:10C73000882341F0C0921302D0921402E0921502B5
:10C74000F0921602009111021091120284E690E01C
:10C750009093120280931102C0904B02D0904C0231
:10C76000E0904D02F0904E0280E090E0A0E8BFE340
:10C7700080934B0290934C02A0934D02B0934E02D3
:10C780000E94DB528092130290921402A092150232
:10C79000B09216021093120200931102C0924B0243
:10C7A000D0924C02E0924D02F0924E022ECCC12C5F
:10C7B000D12C7601AECF8FE08093BE0326CC28EE3D
:10C7C000C22E22E0D22EF12CE12C00E010E0D601A6
:10C7D0008D916D010E94CD19382E882309F447C030
:10C7E0000E94771E4B015C01133059F0F701E654AB
:10C7F000F34F20813181428153810E9438B54B0132
:10C800005C01F701E15BFD4F208131814281538161
:10C81000C501B4010E9438B52B013C012DEB37E373
:10C8200046E855EB0E945FB787FD0AC02DEB37E362
:10C8300046E855E3C301B2010E9490B01816BCF45B
:10C84000133029F1F701E550FC4F5F01A30192017C
:10C8500060817181828193810E9439B5D5016D9388
:10C860007D938D939C931397812F0E9455181F5F82
:10C87000B4E0EB0EF11C143009F0A9CF002321F035
:10C880008BE592E00E946F490E94FD23BECB80920F
:10C890005B0290925C02A0925D02B0925E02032D58
:10C8A000E6CF8091E0039091E1038C38910509F483
:10C8B0006CC408F034C18936910509F491C308F0BD
:10C8C000A8C08E34910509F4F6C208F055C08B3229
:10C8D000910509F4D7C208F042C08231910509F4EC
:10C8E0006EC48F31910509F4B2C2419709F0DFCAD5
:10C8F0000E946E19882309F49EC285E40E947F1964
:10C90000882361F08091BA039091BB03892B21F0B9
:10C910000E94671E811102C00E94242098EEE92E19
:10C9200092E0F92E10E0D7012D917D0121548091E4
:10C93000DA039091DB03A091DC03B091DD0304C026
:10C94000B695A795979587952A95D2F780FF03C04E
:10C95000812F0E942B201F5F133029F756CB8C3478
:10C96000910509F492C208F0A3C28B34910509F035
:10C970009ECA0E949A2D49CB8435910509F41FC4A3
:10C98000C8F48235910509F40AC408F010C4813551
:10C99000910509F08CCA0E94C9521092EE060E94BD
:10C9A0004C9B0E94E09468EE73E080E090E00E946F
:10C9B000F71D2BCB8C35910509F456C488369105AB
:10C9C00009F406C38535910509F071CA83E50E9413
:10C9D0007F19882309F419CB0E94D4946093E30350
:10C9E0007093E4038093E5039093E6030E94771E1F
:10C9F00020E030E04AE754E40E94F5B00E9482B69D
:10CA00006093B6037093B7038093B8039093B90310
:10CA1000FCCA8137910509F49CC3C8F48D36910591
:10CA200009F4DAC248F48B36910509F432C308F4EC
:10CA30000EC310921002E9CA8F36910509F447C35C
:10CA400008F432C361E08CE69AE00E94669B863768
:10CA5000910509F49FC458F48337910509F496C4ED
:10CA600008F48CC48537910509F4CFCA20CA8837E9
:10CA7000910509F4CEC408F4C8C48937910509F4B6
:10CA8000D1C48A37910509F012CA19821A821B8211
:10CA90001C824091DA035091DB036091DC037091BA
:10CAA000DD03E8EEF2E0DE01119691E021E08191F4
:10CAB00081546A017B0104C0F694E794D794C7942B
:10CAC0008A95D2F7C0FE02C02C9390E0119632E016
:10CAD000EC3EF30761F7992329F081E089838A838B
:10CAE0008B838C8360E089E40E94551E882381F04B
:10CAF00080E99EE00E942F9884E59EE00E942F9896
:10CB000088E19EE00E942F988CED9DE00E942F9876
:10CB10002C814B816A8189810E94314476CA803997
:10CB2000E1E09E0711F40C94436E08F091C08E3C36
:10CB3000910509F4EAC508F052C0893C910509F451
:10CB4000B7C488F58E3B910509F424C3883C910550
:10CB500009F470C48B39910509F0A9C983E50E94D5
:10CB6000CD19882309F451CA0E942B1E182F8C332B
:10CB700008F08CE38093B5030E94D4946B017C0190
:10CB8000212F30E0A8EEB3E00E94B2B4C60ED71E4B
:10CB9000E81EF91EC092B103D092B203E092B30333
:10CBA000F092B40332CA8C3C910509F4DDC408F05C
:10CBB00030C58B3C910509F07AC98091DA0384FD78
:10CBC000B0C48091DC03887809F0ABC48091DD03A8
:10CBD000837009F0A6C481E00E94E93C16CA823243
:10CBE00021E0920709F426C7B8F48C3D910509F4B9
:10CBF00082C68D3D910509F4C4C6833D910509F0B7
:10CC000056C983E50E947F19882309F4B1C50E94A3
:10CC1000461E80931B02F9C98E3241E0940709F445
:10CC2000E8C78F3251E0950711F40C943F6E8D32B6
:10CC3000914009F03CC98091DA0383FD9CC7809143
:10CC4000DB03817809F097C781E00E94BB37DDC91B
:10CC5000853FB1E09B0711F40C94AE7008F096C0CC
:10CC6000843AF1E09F0711F40C947E6E80F48239CF
:10CC700031E0930711F40C94716E10F40C94476E2C
:10CC80008A39914009F013C90E94E54CBEC98C3A1B
:10CC9000A1E09A0711F40C941670843FB1E09B0751
:10CCA00011F40C94AA70853A914009F000C96FEF15
:10CCB0007FEF89E40E946A1E082F6FEF7FEF8AE4FE
:10CCC0000E946A1E182F8AE50E94CD19D12C81116D
:10CCD00008C081E50E94CD19D82E882311F40C9448
:10CCE0006872C02E81E0800F853010F00C940E70B9
:10CCF000912E81E0810F853010F00C940E700E940F
:10CD0000771E2B013C01F02E07FDF12C07FF02C01E
:10CD1000F3E0CF2E812E17FD812C17FF02C0E3E038
:10CD20009E2ECF1410F40C940A70E82C34E0F39E7D
:10CD3000500111249E1410F40C9407700E2D10E075
:10CD400020E030E0A901DD2069F0F501E00FF11FDE
:10CD5000EE0FFF1FEE0FFF1FE85BFB4F20813181BD
:10CD6000428153810A0D1B1D000F111F000F111F5F
:10CD7000085B1B4FC301B2010E9439B5D8016D9306
:10CD80007D938D939C931397E394D4CF8933F2E0F2
:10CD90009F0711F40C94AB71E8F4873F31E09307DF
:10CDA00011F40C94B67010F40C94B270883F91405A
:10CDB00009F07DC881E0809388040E94B3511092ED
:10CDC0008804811122C90E9489368FEB9BE00E9462
:10CDD0005C321BC98A38A3E09A0711F40C943171B4
:10CDE000A0F48335934009F062C88091DC0387FF8B
:10CDF00002C00C94C0708091DD03837011F00C941C
:10CE0000C07081E00E94F64200C98739F3E09F07B5
:10CE100011F40C943B72873E934009F048C883E0BC
:10CE20008093160560E083E50E94551E8111EDC8D0
:10CE30000E94EC8CEAC880E00E942B2081E00E94D6
:10CE40002B2082E00E942B200E942420DEC80E941A
:10CE50004D2D6F8B788F898F9A8FBE016F5F7F4FBB
:10CE6000CE0147960E94181D0E94893681EE99E0F6
:10CE70000E945C32CE0101960E9427318AE00E9416
:10CE80002031C3C80E94ED34C0C88091C5068130EE
:10CE900009F0BBC882E08093C5060E94D4946093D9
:10CEA000C1067093C2068093C3069093C406ADC8B2
:10CEB0000E94E094AAC870E060E083E50E946A1EC8
:10CEC0008E34910519F40E9490429FC88CE49AE038
:10CED0000E945C326091C6067091C70683E49AE0B6
:10CEE0000E94453D6091C8067091C90686E39AE0AC
:10CEF0000E94453D6091C6067091C7068091C806A4
:10CF00009091C906681B790B8091C506815021E07C
:10CF100030E0823010F030E020E0621B730B8BE2D7
:10CF20009AE00E94BD4283E29AE00E945C328091C6
:10CF3000CA069091CB06A091CC06B091CD068F8BFE
:10CF4000988FA98FBA8FBE016F5F7F4FCE01479632
:10CF50000E94181D86E19AE00E945C32CE01019683
:10CF60000E9427318091CE069091CF06A091D006E5
:10CF7000B091D1068F8B988FA98FBA8FBE016F5F4A
:10CF80007F4FCE0147960E94181D86E09AE00E94CE
:10CF90005C32CE0101960E94273120E030E04AE762
:10CFA00054E46091D2067091D3068091D40690919A
:10CFB000D5060E9415B6AB01BC018EEE99E00E9429
:10CFC000AB378DE60E9420318AE00E9420311DC8D7
:10CFD00080E00E940E5719C881E00E940E5715C8C4
:10CFE0000E946E37182F87FD0AC084E59AE00E94E0
:10CFF0005C32812F0E94FA988AE00E942031A0962C
:10D00000BFADA097B093BF03EF964EAD5FADEF9766
:10D010000FB6F8945EBF0FBE4DBFC258DF4F0FB6BC
:10D02000F894DEBF0FBECDBFDF91CF911F910F915E
:10D03000FF90EF90DF90CF90BF90AF909F908F9038
:10D040007F906F905F904F903F902F90089560E099
:10D0500080E50E943C1E81110C9405608091DA03EA
:10D060006091EE06062F80FD02C00FEF10E083E511
:10D070000E94CD19882349F00E941B1E8B016F3F2F
:10D08000710519F010F00FEF10E00093EE060C940C
:10D09000056060E080E50E943C1E81110C940560F3
:10D0A0001092EE060C9405608EE40E94CD19882340
:10D0B00011F40C9405600E941B1E6093480D709340
:10D0C000490D80934A0D90934B0D0C94056083E5B8
:10D0D0000E94CD19882321F00E942B1E8093710C91
:10D0E0000E94893685E69AE00E945C328091710C3C
:10D0F000882351F110E000E020E08091710C90E075
:10D10000002E02C0959587950A94E2F780FF12C021
:10D11000FF24F394F20E222319F08CE20E942031B6
:10D12000F801EE0FFF1FE55AF54F859194910E948B
:10D130005C322F2D0F5F1F4F05301105F1F68AE08D
:10D140000E9420310C94056087E59AE00E945C32D1
:10D15000F6CF83E50E94CD19882369F00E942B1E2B
:10D160008D3320F4809301020C9405608CE380934E
:10D1700001020C9405600E948936609101028AE7E1
:10D180009AE00E944A330C94056080E00E94675543
:10D190000C94056081E00E9467550C9405608091B5
:10D1A000BE038F7D80618093BE030C9405608091E7
:10D1B000BE038F7E80628093BE030C94056083E57E
:10D1C0000E94CD198823F1F00E94D4946093E30368
:10D1D0007093E4038093E5039093E6030E94771E27
:10D1E00020E030E04AE754E40E94F5B00E9482B6A5
:10D1F00060930202709303028093040290930502ED
:10D200000C9405600E946E19882351F10E945F49B9
:10D2100085E40E947F1981110E94122018EEE12EF0
:10D2200012E0F12E10E0F70121917F01215480914D
:10D23000DA039091DB03A091DC03B091DD0304C01D
:10D24000B695A795979587952A95D2F780FF03C045
:10D25000812F0E9421161F5F133029F70C9405605F
:10D260000E94C9520C9405600E946E3787FF02C06D
:10D270000C9405608091DA0384FD09C08091DC0381
:10D2800087FD05C08091DD03837009F472C0A8EEAC
:10D29000CA2EA2E0DA2EB2E7EB2EBCE0FB2E10E0A5
:10D2A000D6018D916D010E94CD19882349F013306C
:10D2B00089F00E94771EF701648B758B868B978BA4
:10D2C0001F5FF4E0EF0EF11C143051F70E94E01ADA
:10D2D0000C9405600E94771E4B015C0120E030E059
:10D2E00040EA51E40E9490B087FF3AC0A501940142
:10D2F0006091920C7091930C8091940C9091950C8C
:10D300000E9415B62B013C01AC019B016091A20C5F
:10D310007091A30C8091A40C9091A50C0E94F5B083
:10D320006093A20C7093A30C8093A40C9093A50C13
:10D330006091E6067091E7068091E8069091E90613
:10D340000E9494B0A30192010E94F5B00E9482B69F
:10D350006093E6067093E7068093E8069093E906EB
:10D360008092920C9092930CA092940CB092950C97
:10D37000A7CF81E00E94C48E0C9405600E94438D6B
:10D3800081ED9EE00E94BEA10C9405600E94873250
:10D390000C9405600091DE031091DF0394E0F12C02
:10D3A00040E0915009F1D8018C91282F2B7F213436
:10D3B000A1F411962C912133B9F4813419F18534FB
:10D3C00009F441E098012E5F3F4F89012F5F3F4FE5
:10D3D000D8018C918032C9F3E4CF803529F4F8016B
:10D3E000818180538A3070F341110E948936FF2079
:10D3F00021F081E89AE00E945C32C8010E944E321E
:10D400000C940560FF24F394DDCF0E94D7420C9466
:10D41000056081E080931405809313050E943E2DE2
:10D420000C94056010921405109213050E943E2D75
:10D430000C9405608091DA0383FD09C08091DC03C0
:10D440008C7029F481E00E946B3C0C9405600E9472
:10D450006E37182F87FF02C00C94056000914704B7
:10D4600084E40E94CD19F82E8823B1F00E94771E23
:10D470004B015C0120E030E0A9010E9490B08823BC
:10D48000A9F0B4E01B02F0011124ED5BFB4F808298
:10D490009182A282B3820F2D602F83E50E94551ED8
:10D4A000809347040E9498170C94056080E0F8CFA1
:10D4B0008091DA0384FD0DC08091DC03887849F403
:10D4C0008091DD03837029F481E00E940F3D0C946C
:10D4D00005600E946E3787FF02C00C94056008EE5D
:10D4E00012E0F2E7EF2EFCE0FF2EF80181918F01B0
:10D4F0000E94CD19882361F00E94771E0E9482B697
:10D50000D7016D937D938D939C9313970E944A1737
:10D51000B4E0EB0EF11CE2E00C3E1E0731F70C9478
:10D5200005600E946E3787FF02C00C940560E8EE2C
:10D53000EE2EE2E0FE2E10E000E0D7018D917D019D
:10D540000E94CD19882349F00E94771EF801EE58F9
:10D55000F34F64A375A386A397A30C5F1F4F0031FD
:10D56000110559F70C9405608091DB0387FD09C014
:10D570008091DC038E7029F481E00E94CA3C0C94F7
:10D58000056083E50E94CD19882391F00E94771EE3
:10D590006093A60C7093A70C8093A80C9093A90C91
:10D5A0006093AE0C7093AF0C8093B00C9093B10C61
:10D5B00080E50E94CD19882351F00E94771E609368
:10D5C000A60C7093A70C8093A80C9093A90C82E5ED
:10D5D0000E94CD19882351F00E94771E6093AA0CF7
:10D5E0007093AB0C8093AC0C9093AD0C84E50E94CF
:10D5F000CD19882311F40C9405600E94771E609366
:10D60000AE0C7093AF0C8093B00C9093B10C0C9453
:10D6100005608091DA039091DB03A091DC03B09167
:10D62000DD03892B8A2B8B2B29F481E00E94963C09
:10D630000C94056082E40E94CD198823A9F08091A2
:10D64000BA039091BB03009709F453C04AE050E03D
:10D6500070E060E00E94FBAE6093820C7093830CDC
:10D660008093840C9093850C83E50E94CD198823C8
:10D6700051F00E94771E6093B20C7093B30C8093AC
:10D68000B40C9093B50C84E50E94CD19882351F019
:10D690000E94771E6093B60C7093B70C8093B80C01
:10D6A0009093B90C8AE40E94CD19882311F40C944C
:10D6B00005600E94771E6B017C012AE037ED43E292
:10D6C0005CE30E945FB787FD18C02AE939E949E9A0
:10D6D0005EE3C701B6010E9490B0181674F0C092C4
:10D6E000D606D092D706E092D806F092D9060C94CE
:10D6F000056060E070E0CB01AFCF0E94EA3484E8BF
:10D700009AE00E945C320C9405608091DA0390915B
:10D71000DB03A091DC03B091DD0368EEC62E62E06E
:10D72000D62E7EEAE72E76E0F72E10E0892B8A2BA4
:10D730008B2B29F481E00E944C3C0C940560F6018F
:10D7400081916F010E94CD19882359F00E94771EA4
:10D75000D7016D937D938D939C931397812F0E9496
:10D7600055181F5FB4E0EB0EF11C133041F78CC865
:10D7700062EC7AE081E00E94BB8E10911B0289EB83
:10D780009AE00E945C3280E3810F0E94203185EB99
:10D790009AE00E945C32812F0E94E0344090BA0CE3
:10D7A0005090BB0C6090BC0C7090BD0C20911D0281
:10D7B00030911E0240911F0250912002C301B2011C
:10D7C0000E9439B56FA378A789A79AA78090BE0C4D
:10D7D0009090BF0CA090C00CB090C10C2091210281
:10D7E000309122024091230250912402C501B401DC
:10D7F0000E9439B56FA778AB89AB9AABC090C20CC9
:10D80000D090C30CE090C40CF090C50C2091250280
:10D81000309126024091270250912802C701B6019B
:10D820000E9439B56BA77CA78DA79EA720912902DE
:10D8300030912A0240912B0250912C02C301B20177
:10D840000E9439B52B013C0120912D0230912E020E
:10D8500040912F0250913002C501B4010E9439B5A8
:10D860004B015C0120913102309132024091330230
:10D8700050913402C701B6010E9439B56B017C0199
:10D880008DEA9AE00E945C324FA158A569A57AA55D
:10D8900088E496E10E94AB374FA558A969A97AA9F7
:10D8A0008AEF99E20E94AB374BA55CA56DA57EA5DA
:10D8B00087EF99E20E94AB378BEA9AE00E945C32D4
:10D8C00083EA9AE00E945C32B301A20188E496E107
:10D8D0000E94AB37B501A4018AEF99E20E94AB37F1
:10D8E000B701A60187EF99E20E94AB378AE00E9458
:10D8F00020310C9405608091DA039091DB03A091B4
:10D90000DC03B091DD036091110270911202009767
:10D91000A105B10551F483ED9AE00E94513D80EDDF
:10D920009AE00E945C320C9405608C019D0151E1EB
:10D9300036952795179507955A95D1F700FF08C09A
:10D9400020910602309107023093120220931102B7
:10D95000B695A7959795879580FF04C070930702A9
:10D960006093060283E50E94CD19882311F40C947C
:10D9700005600E94671E90931202809311020C941E
:10D9800005600E946E37E82E87FF02C00C94056088
:10D9900083E50E94CD190E2C000CFF088701000FB3
:10D9A000111F882369F10E94671EF801E95EFD4F8F
:10D9B000918380838701000F111F000F111FF80151
:10D9C000E55BFD4F7F01BC01990F880B990B0E940D
:10D9D00096B02AE037ED43E25CE30E94F5B0F8012F
:10D9E000E95EFB4F20813181428153810E94F5B075
:10D9F000D7016D937D938D939C9313970C94056041
:10DA00000E94893685E40E94203180E38E0D0E94B9
:10DA10002031F801E95EFD4F6081718187ED9AE068
:10DA20000E94513D85E20E9420318AE00E9420310F
:10DA30000C9405608AE50E94CD19882309F471C011
:10DA40000E94771E20E030E040E050EC0E9490B051
:10DA5000C12CD12CE12C90ECF92E87FD0FC00E9437
:10DA6000771E20E030E040E050E40E945FB71816D7
:10DA70000CF474C00E94771E6B017C0180908E0CA8
:10DA800090908F0CA090900CB090910C84E00E942C
:10DA9000042581111DC0A5019401C701B6010E9492
:10DAA000F5B00E947DB62091BC033091BD03260FD6
:10DAB000371F3093BD032093BC032091FD043091A8
:10DAC000FE04C901860F971F9093FE048093FD0406
:10DAD00061E080E50E94551E882341F1A70196016F
:10DAE0006091AA067091AB068091AC069091AD064C
:10DAF0000E9439B56093AA067093AB068093AC067A
:10DB00009093AD060E9489364091AA065091AB06CB
:10DB10006091AC067091AD068EEE9AE00E94F537EA
:10DB200005C083E50E94CD1981118ACF8091DC0365
:10DB300087FD1AC08091DD038370B1F40E9489369D
:10DB40004091AA065091AB066091AC067091AD066B
:10DB50008FED9AE00E94F5370C940560C12CD12C12
:10DB6000E12C80E4F82E8ACF82E50E947F19811192
:10DB7000E5CF0C94056080E50E94CD19882351F013
:10DB80000E94771E6093D00D7093D10D8093D20DBB
:10DB90009093D30D89E40E94CD19882381F00E94CF
:10DBA000771E21E732EB47E25EE30E94F5B0609317
:10DBB000D40D7093D50D8093D60D9093D70D84E43A
:10DBC0000E94CD19882381F00E94771E21E732EB55
:10DBD00047E25EE30E9415B66093D80D7093D90DAD
:10DBE0008093DA0D9093DB0D81E08093BB0D0C9454
:10DBF000056083E50E947F19182F882369F00E9431
:10DC0000671E9C0190931A028093190291E0232BC6
:10DC100009F090E090931B0480E50E947F1988230F
:10DC200061F02091190230911A02232B11F00E9409
:10DC3000461E80931B040C94056011110C94056022
:10DC40000E94893689E19BE00E945C3280911B042E
:10DC5000882391F081E09BE00E945C326091190280
:10DC600070911A0288E09BE00E94513D84E09BE0A5
:10DC70000E945C320C9405608DEF9AE0EDCF0E941B
:10DC8000F8370C9405600E945F490C940560C090C1
:10DC9000DA03D090DB03E090DC03F090DD0307E0D3
:10DCA000F694E794D794C7940A95D1F7B1E0CB22C4
:10DCB000DD24EE24FF2483E50E947F19CD28CE28A1
:10DCC000CF2811F00C94056081110C9405608091AF
:10DCD000A10681110C94446481E00E94AA4B0C942B
:10DCE00044648091A106882319F080E00E94AA4B29
:10DCF0000E94174C0E94FD230C94056083E50E944E
:10DD00007F19182F30903804882319F00E94461E7E
:10DD1000382E20914F023091500240915102509183
:10DD200052022C962CAF3DAF4EAF5FAF2C97809137
:10DD3000530290915402A0915502B091560226963A
:10DD40008CAF9DAFAEAFBFAF2697209157023091F9
:10DD500058024091590250915A0260962CAF3DAF43
:10DD60004EAF5FAF6097112329F0311003C080E000
:10DD70000E94044D8091DA039091DB03A091DC03B3
:10DD8000B091DD0315E1B695A795979587951A95FE
:10DD9000D1F74C015D0131E083229924AA24BB24F0
:10DDA00020E030E0A9016091390470913A0480913B
:10DDB0003B0490913C040E9490B0882309F4CBC0AE
:10DDC00083E40E947F19882309F4AAC00E94771E69
:10DDD0002B013C0148E454E05CA74BA758AB4FA78C
:10DDE00094E09FA322961FAE22971BAAA8ECACAB8F
:10DDF00002EC1DAA212CB8ECB9AFE2E4EDAF2FA5DF
:10DE000038A928963FAF2EAF289710E02896AEADE0
:10DE1000BFAD2897CD90DD90ED90FD902896BFAFD7
:10DE2000AEAF2897A70196016DA9722D89AD9DAD62
:10DE30000E945FB7181624F4CDAA2D2CE9AEFDAED2
:10DE4000A701960122966FAD22977BA98CA9902FEE
:10DE50000E9490B087FF06C02296CFAE2297DBAA21
:10DE6000ECAA0F2D1F5F143089F6BFA1B150BFA3DC
:10DE7000EFA5F8A97096F8ABEFA7B111C0CF229625
:10DE80002FAD22973BA94CA9502F6DA9722D89ADBA
:10DE90009DAD0E9439B520E030E040E05FE30E9494
:10DEA000F5B0A30192010E9439B52B013C012DEB85
:10DEB00037E346E855EB0E945FB787FD0AC02DEBBC
:10DEC00037E346E855E3C301B2010E9490B018164B
:10DED0003CF580E00E94044D14E0EBA4FCA404E0B7
:10DEE000D7016D917D918D919D917D016D01B4E082
:10DEF000CB1AD108A30192010E9438B5F6016083C4
:10DF0000718382839383015059F711502BA53CA54F
:10DF1000205F3F4F3CA72BA71111DFCF0E94D919DB
:10DF200089288A288B2899F020E030E0A9016091A7
:10DF3000390470913A0480913B0490913C040E9412
:10DF400090B0882321F090E080E00E947734832D08
:10DF50000E94044D0CC0311004C089288A288B28E7
:10DF6000B1F30E94893689E59BE00E945C321091F2
:10DF70003804332041F0111106C00E94EA348AE3CC
:10DF80009BE00E945C320E9489368CE29BE00E94FA
:10DF90005C32812F0E94E03420914F023091500278
:10DFA00040915102509152022C966CAD7DAD8EADD8
:10DFB0009FAD2C970E9490B081110C9444642091E5
:10DFC00053023091540240915502509156022696C8
:10DFD0006CAD7DAD8EAD9FAD26970E9490B0811146
:10DFE0000C94446420915702309158024091590298
:10DFF00050915A0260966CAD7DAD8EAD9FAD60972D
:10E000000E9490B081110C9444640C940560F394C8
:10E010000C9491660E94D9190C9405600E94EA3410
:10E0200088E89BE00E945C320C9405600E94A88DF9
:10E0300081110C94056032E7C32E32E1D32EEFE458
:10E04000F2E0F8A7EFA39E012F5F3F4F190179017E
:10E0500010E000E0F6016591759185919491AFA172
:10E06000B8A58D909D90AD90BD90B8A7AFA3A50128
:10E0700094010E9438B52B013C01F7014082518286
:10E080006282738220E030E040EA51EC0E945FB788
:10E0900087FD0AC020E030E040EA51E4C301B2014C
:10E0A0000E9490B0181684F4F801EE51F84DE491F6
:10E0B0001E1654F4B7FAB094B7F8B094D7018D9205
:10E0C0009D92AD92BC921397F70181909190A1908F
:10E0D000B1907F0120E030E040EA51ECC501B4018D
:10E0E0000E945FB787FD2EC020E030E040EA51E497
:10E0F000C501B4010E9490B0181624F10F5F1F4FA4
:10E10000F4E0CF0ED11C0330110509F0A3CF2EEAA5
:10E11000E22E26E0F22E10E0F10181919191A19181
:10E12000B1911F01F70181939193A193B1937F0165
:10E13000812F0E9455181F5F133071F70E94FD2335
:10E140000C9405600E94EA3481EA9BE00E945C32F4
:10E150000C9405600E94A63F0C9405600E94B15289
:10E160000C9405600E94BE510C94056061E083E54B
:10E170000E94551E91E089270E940D430C94056072
:10E180008CE0E2EAF6E0DE01119601900D928A95AC
:10E19000E1F7C090AA06D090AB06E090AC06F090F4
:10E1A000AD0688E50E94CD19882369F00E94771E8C
:10E1B00020E030E0A9010E9490B0882321F085E0A2
:10E1C0009CE00E945C3289E50E94CD19882369F0A9
:10E1D0000E94771E20E030E0A9010E9490B08823C1
:10E1E00021F084EE9BE00E945C328AE50E94CD190A
:10E1F000882341F10E94771E6B017C0120E030E012
:10E2000040EA51EC0E945FB787FD0AC020E030E091
:10E2100040EA51E4C701B6010E9490B0181694F488
:10E220006CEE7FEF82ED9BE00E94513D64E170E077
:10E230008DEC9BE00E94513D8AEC9BE00E945C3299
:10E240000C940560C986DA86EB86FC868CE0FE01BC
:10E250003196A2EAB6E001900D928A95E1F70C940E
:10E26000056098EEC92E92E0D92EEE24E394F12CAD
:10E2700070E060E0D6018D916D010E946A1E8C01F4
:10E280000097B1F0B2E0FB1609F450C0E3E0FE16CF
:10E2900009F454C0F1E0FF1609F440C09093CA0E8F
:10E2A0008093C90EBC0180E99EE00E948C97E12C0E
:10E2B000F39424E0F212DCCFEE2011F40C9405600C
:10E2C00088E50E9420316091C90E7091CA0E86E2E5
:10E2D0009CE00E94BD4289E50E94203160918D0E34
:10E2E00070918E0E88E39CE00E94BD428AE50E94F8
:10E2F00020316091510E7091520E8AE49CE00E9490
:10E30000BD4285E40E9420316091150E7091160E79
:10E310008CE59CE00E94BD420C94056090938E0EAB
:10E3200080938D0EBC0184E59EE0BFCF9093520E8A
:10E330008093510EBC0188E19EE0B7CF6EEF7FEF76
:10E3400084E50E946A1E1093160E0093150EB80104
:10E350008CED9DE0AACF83E50E947F198823C9F147
:10E360006EEF7FEF84E50E946A1E0E94461ED82E43
:10E3700088EEE82E82E0F82E00E01D25D7018D9171
:10E380007D010E947F19882369F00230B1F00330CB
:10E39000D1F0013061F0D092CB0E612F80E99EE088
:10E3A0000E94BF980F5F043049F70C940560D0922B
:10E3B0008F0E612F84E59EE0F3CFD092530E612F34
:10E3C00088E19EE0EDCFD092170E612F8CED9DE09D
:10E3D000E7CF88E50E94203186E89CE00E945C320D
:10E3E00080E99EE00E94B398811139C08AE79CE0E1
:10E3F0000E94C14289E50E9420318DEA9CE00E9482
:10E400005C3284E59EE00E94B39881112BC081EAC2
:10E410009CE00E94C1428AE50E94203184ED9CE08C
:10E420000E945C3288E19EE00E94B39881111DC079
:10E4300088EC9CE00E94C14285E40E9420318BEF71
:10E440009CE00E945C328CED9DE00E94B3988111AB
:10E450000FC08FEE9CE00E94C1420C9405608EE6D6
:10E460009CE0C6CF85E99CE0D4CF8CEB9CE0E2CF6A
:10E4700083EE9CE0F0CF0E944D330C940560109128
:10E48000E0030E94D4946093E3037093E4038093C9
:10E49000E5039093E603112311F40C9405600E94A8
:10E4A000893684E50E942031812F0E94F49880E211
:10E4B0000E9420318AE09DE00E945C320C9405604D
:10E4C0000E9490B0882311F40C944D620C94486221
:10E4D0000E94EA3488E69BE00E945C320C9405605E
:10E4E0000E9490B081110C944862112311F40C9495
:10E4F000516281E00E948C360C94566220E030E03C
:10E50000A901C701B6010E9490B0882311F40C94B0
:10E51000485F1FA218A619A61AA6A701960150586F
:10E520002FA738AB49AB5AAB8FA198A5A9A5BAA51F
:10E53000B0588BA79CA7ADA7BEA7A7019601C7019E
:10E54000B6010E94F5B04B015C012FA138A549A589
:10E550005AA5CA01B9010E94F5B09B01AC01C501E1
:10E56000B4010E9439B50E94A4B76C966CAF7DAF20
:10E570008EAF9FAF6C9780904F0290905002A0900A
:10E580005102B0905202A7019601C501B4010E9448
:10E5900039B5A8966CAF7DAF8EAF9FAFA89720918D
:10E5A00053023091540240915502509156022DABC6
:10E5B0003EAB4FAB58AF2FA138A549A55AA56DA9C1
:10E5C0007EA98FA998AD0E9439B5AC966CAF7DAF8E
:10E5D0008EAF9FAFAC9740900704509008046090B6
:10E5E000090470900A04A8962CAD3DAD4EAD5FAD08
:10E5F000A897C301B2010E9438B569AF7AAF8BAF5B
:10E600009CAFC0900B04D0900C04E0900D04F090EF
:10E610000E04AC962CAD3DAD4EAD5FADAC97C701D1
:10E62000B6010E9438B521966CAF7DAF8EAF9FAF1B
:10E630002197A3019201C501B4010E9438B54B0195
:10E640005C012DEB37E346E855EB0E945FB787FF8F
:10E6500002C00C9446602DEB37E346E855E3C50154
:10E66000B4010E9490B0181614F40C944660A701EF
:10E6700096016DA97EA98FA998AD0E9438B56B014E
:10E680007C012DEB37E346E855EB0E945FB787FF2F
:10E6900002C00C9446602DEB37E346E855E3C70112
:10E6A000B6010E9490B0181614F40C944660023023
:10E6B000110511F00C94DF6008E410E0BBED8B2E27
:10E6C000BFE09B2EB9ECAB2EB0E4BB2E8BEDC82E79
:10E6D0008FE0D82E89ECE82E80ECF82E809157023E
:10E6E00090915802A0915902B0915A0226968CAF8F
:10E6F0009DAFAEAFBFAF26979C01AD0160910F04F7
:10E700007091100480911104909112040E9438B508
:10E710002B013C01A50194016C966CAD7DAD8EADD5
:10E720009FAD6C970E94F5B06DAB79AF8DAF22961F
:10E730009FAF229727E137EB41ED58E30E9490B05D
:10E7400087FF0AC027E137EB41ED58E3C301B2016F
:10E750000E9490B087FD22C32091130430911404CD
:10E76000409115045091160468962CAF3DAF4EAF02
:10E770005FAF689780915B0290915C02A0915D020F
:10E78000B0915E0264968CAF9DAFAEAFBFAF6497A1
:10E790002AE037ED43E25CE36091130270911402CA
:10E7A00080911502909116020E94F5B04B015C0118
:10E7B0006091110270911202072E000C880B990BC8
:10E7C0000E9496B09B01AC01C501B4010E94F5B056
:10E7D0006BA37CA38DA39EA36DA979AD8DAD22966D
:10E7E0009FAD22970E94AEB61B014C01B80190E08C
:10E7F00080E00E9494B06BAB7CAB8C019B01AC01C0
:10E80000B101C4010E945FB718161CF42BAA3CAAE0
:10E8100084012BA93CA9A8016DA979AD8DAD2296E3
:10E820009FAD22970E9415B64B015C0120E030E0BD
:10E8300040E85FE30E945FB7181614F00C94ED6097
:10E840006DA979AD8DAD22969FAD22970E94FFB53F
:10E850000E9482B628967FAF6EAF28971F8A188EC7
:10E86000198E1A8E1B8E1C8E1D8E1E8E1F8E18A248
:10E8700019A21AA22896AEADBFAD2897A230B10555
:10E8800008F464C2BD0190E080E00E9494B06096FC
:10E890006CAF7DAF8EAF9FAF60979B01AC01C7019E
:10E8A000B6010E9415B62C966CAF7DAF8EAF9FAFB0
:10E8B0002C979B01AC010E94F5B06B017C01AC016F
:10E8C0009B012C966CAD7DAD8EAD9FAD2C970E94BB
:10E8D000F5B020E030E040EC50E40E9415B69B011A
:10E8E000AC012C966CAD7DAD8EAD9FAD2C970E948A
:10E8F00038B5E0966CAF7DAF8EAF9FAFE09720E06C
:10E9000030E040E05FE3C701B6010E94F5B09B0133
:10E91000AC0160E070E080E89FE30E9438B5E496C7
:10E920006CAF7DAF8EAF9FAFE49760962CAD3DADE1
:10E930004EAD5FAD6097C301B2010E9415B6E89677
:10E940006CAF7DAF8EAF9FAFE89764962CAD3DADB9
:10E950004EAD5FAD649768966CAD7DAD8EAD9FADED
:10E9600068970E9438B560962CAD3DAD4EAD5FAD59
:10E9700060970E9415B6EC966CAF7DAF8EAF9FAFDF
:10E98000EC9726962CAD3DAD4EAD5FAD2697298711
:10E990003A874B875C8764968CAD9DADAEADBFADBD
:10E9A00064978D879E87AF87B88B0E94D4949B0114
:10E9B000AC0128533F4F4F4F5F4FA4962CAF3DAF54
:10E9C0004EAF5FAFA4970091720C1091730C209121
:10E9D000740C3091750C6091760C7091770C80916D
:10E9E000780C9091790C061717072807390710F44F
:10E9F000C901B8010E9494B064966CAF7DAF8EAF30
:10EA00009FAF6497E0909A0CF0909B0C00919C0C47
:10EA100010919D0CA090960CB090970CC090980C03
:10EA2000D090990C9501A601B701C8010E945FB76B
:10EA3000181614F4750186016BA17CA18DA19EA10D
:10EA40009B01AC010E94F5B06BAB7CAB1C016496E2
:10EA50002CAD3DAD4EAD5FAD64976C966CAD7DADAC
:10EA60008EAD9FAD6C970E94F5B05B016C01970174
:10EA7000A801B701C8010E94F5B07B018C01950186
:10EA8000A6016BA97CA9C1010E945FB718161CF4EE
:10EA9000ABAABCAA16012BA93CA9A101B701C801C8
:10EAA0000E9490B087FF03C0EBAAFCAA18013DA901
:10EAB00065963FAF659749AD6D964FAF6D975DAD6C
:10EAC0006E965FAF6E9722968FAD22976F968FAF3F
:10EAD0006F976FA418A909A97AA8E9E15E2EA1E0B1
:10EAE000B0E02496BFAFAEAF24970E94E29D0E9493
:10EAF000D4946B017C01A4962CAD3DAD4EAD5FADC1
:10EB0000A497C21AD30AE40AF50AF7FC0FC09B01C6
:10EB1000AC0128533F4F4F4F5F4FA4962CAF3DAFF2
:10EB20004EAF5FAFA49780E00E94E1445A94552015
:10EB300011F40C941E61E0962CAD3DAD4EAD5FAD71
:10EB4000E097662D712F802F972D0E94F5B06B01F5
:10EB50007C01E4962CAD3DAD4EAD5FADE4976BA569
:10EB60007CA58DA59EA50E94F5B09B01AC01C701B7
:10EB7000B6010E9439B56B017C01E4962CAD3DAD28
:10EB80004EAD5FADE497662D712F802F972D0E94BB
:10EB9000F5B04B015C01E0962CAD3DAD4EAD5FADE7
:10EBA000E0976BA57CA58DA59EA50E94F5B09B0165
:10EBB000AC01C501B4010E9438B5662E172F082F8D
:10EBC000792EC601D7018BA79CA7ADA7BEA7262D7E
:10EBD000312F402F572DA8966CAD7DAD8EAD9FADDA
:10EBE000A8970E9439B569837A838B839C832BA570
:10EBF0003CA54DA55EA5AC966CAD7DAD8EAD9FAD33
:10EC0000AC970E9439B56D837E838F839887E89691
:10EC10002CAD3DAD4EAD5FADE89769857A858B85AE
:10EC20009C850E9439B569877A878B879C87EC968B
:10EC30002CAD3DAD4EAD5FADEC976D857E858F857E
:10EC400098890E9439B56D877E878F87988BCE0112
:10EC500001960E94751860962CAD3DAD4EAD5FAD2E
:10EC600060976DA979AD8DAD22969FAD22970E94D8
:10EC700015B69B01AC0165966FAD65976D967FAD3E
:10EC80006D976E968FAD6E976F969FAD6F970E9442
:10EC900038B565966FAF65976D967FAF6D976E9639
:10ECA0008FAF6E976F969FAF6F9764962CAD3DAD0B
:10ECB0004EAD5FAD6497CA01B9010E9439B5659642
:10ECC0002FAD65976D963FAD6D976E964FAD6E9774
:10ECD0006F965FAD6F970E94F5B06B017C012BA919
:10ECE0003CA9A1010E945FB718161CF4CBA8DCA8B0
:10ECF0007101C601D7018F8F98A3A9A3BAA3AE0152
:10ED0000495E5F4FBE016D5D7F4FCE0101960E944F
:10ED1000278E8823D9F06C968CAD9DADAEADBFAD7E
:10ED20006C978B8F9C8FAD8FBE8F2496AEADBFAD91
:10ED3000249711962496BFAFAEAF24972896EEADD8
:10ED4000FFAD2897EA17FB0709F0CFCE80E1E7E097
:10ED5000F4E0DE01119601900D928A95E1F7CE0163
:10ED600001960E9475181B8E1C8E1D8E1E8E1F8E86
:10ED700018A219A21AA2AE01495E5F4FBE016D5DD5
:10ED80007F4FCE0101960E94278E80E1FE013196D1
:10ED9000AFE4B2E001900D928A95E1F70E94D4941D
:10EDA0006093E3037093E4038093E5039093E60399
:10EDB0000C940560112311F40C94596281E00C94B9
:10EDC00057621F920F920FB60F9211240F900FBE31
:10EDD0000F901F9018951F920F920FB60F9211244B
:10EDE0000BB60F922F938F939F93EF93FF93909176
:10EDF000C6002091C70CE091C60C81E08E0F8F7782
:10EE0000281729F0F0E0EA53F34F9283E82FE093BC
:10EE1000C60CFF91EF919F918F912F910F900BBE98
:10EE20000F900FBE0F901F901895DC01ED91FC9193
:10EE30000190F081E02D27E030E040E050E061E01B
:10EE40001994DC0114968C911497807F8A60149633
:10EE50008C93149712962C91129713963C911397BA
:10EE6000482F4F7050E0ED91FC9111970190F08187
:10EE7000E02D60E1CD0119940F931F93CF93DF93A1
:10EE8000582FFC0180E077E0919148E0282F30E096
:10EE9000A92FB0E08901000F012F001F110B917005
:10EEA000C92F90E0D92F880F0C171D0721F0C90139
:10EEB000880F991F8727B595A7959A2F415031F74D
:10EEC0009E2F951B961700F3DF91CF911F910F9105
:10EED0000895AF92BF92CF92DF92EF92FF920F937D
:10EEE0001F93CF93DF936C017B018B01040F151FE0
:10EEF000EB015E01AE18BF08C017D10759F0699148
:10EF0000D601ED91FC910190F081E02DC60119959B
:10EF1000892B79F7C501DF91CF911F910F91FF9058
:10EF2000EF90DF90CF90BF90AF9008952091890F20
:10EF300030918A0F2817390771F49091880F8091CA
:10EF4000870F981741F0E091880FF0E0E95BF04FF0
:10EF5000808190E008958FEF9FEF08950895EF92DC
:10EF6000FF920F931F93CF93DF93DC015C96ED909C
:10EF7000FC905D97E114F10479F481E090E0139640
:10EF80009C938E93129790E080E0DF91CF911F9138
:10EF90000F91FF90EF9008955196ED91FC9152974B
:10EFA00050968C915097982F90950FB75E962C9114
:10EFB0005E97122F127021FD6095F8942081112325
:10EFC00019F1282B2083E7012197F1F728E0462F3C
:10EFD00050E0308160FF1AC0382B3083E701219761
:10EFE000F1F7BA0175956795215089F7112381F0E2
:10EFF0008081892380830FBF5C968D919C910197BE
:10F00000F1F781E090E0C1CF2923DCCF3923E5CFB0
:10F010009081892BEFCF2091890F30918A0F28178B
:10F02000390769F48091870F2091880F90E0805C08
:10F030009F4F821B910960E470E00C94D5B490E07E
:10F0400080E008952091890F30918A0F28173907A1
:10F05000B9F49091880F8091870F981789F0E0910B
:10F06000880FF0E0E95BF04F80812091880F30E05D
:10F070002F5F3F4F2F7333272093880F90E0089521
:10F080008FEF9FEF0895E091890FF0918A0FE817B5
:10F09000F90769F4A389B4899C91858980958923AE
:10F0A0008C9310928A0F1092890F81E0089580E06E
:10F0B0000895CF93DF93EC018A8D9B8D892BF9F016
:10F0C0008091890F90918A0F8C179D07C1F000974E
:10F0D00009F0D9DF8E8D8E7F8E8F1092870F109260
:10F0E000880FD0938A0FC093890FEB89FC898081A8
:10F0F0009D89892B808381E0DF91CF91089580E005
:10F10000FBCF90E080E008958150823108F05AC032
:10F11000E82FF0E08827E057F7488F4F0C94E8B4C9
:10F12000B078B478A278A878AC78E278B778BD786F
:10F13000C178C778CB78CF78D578D978E278DD7880
:10F14000E378E778809180008F778093800008953E
:10F15000809180008F7DF9CF80918000877FF5CFEF
:10F1600084B58F7784BD089584B58F7DFBCF809162
:10F17000B0008F778093B00008958091B0008F7DAC
:10F18000F9CF809190008F778093900008958091BF
:10F1900090008F7DF9CF80919000877FF5CF80918F
:10F1A000A0008F778093A00008958091A0008F7DAC
:10F1B000F9CF8091A000877FF5CF809120018F77D4
:10F1C000809320010895809120018F7DF9CF809157
:10F1D0002001877FF5CF863308F0865320917B008E
:10F1E000982F9870277F922B90937B008770806474
:10F1F00080937C0080917A00806480937A00809173
:10F200007A0086FDFCCF8091780090917900089576
:10F210003FB7F8948091430F9091440FA091450F10
:10F22000B091460F26B5A89B05C02F3F19F0019657
:10F23000A11DB11D3FBFBA2FA92F982F8827BC0150
:10F24000CD01620F711D811D911D42E0660F771F78
:10F25000881F991F4A95D1F70895DC0115966C9384
:10F260001597262F30E050E040E0ED91FC910190A1
:10F27000F081E02D61E11994FC01A4A5B5A51097DA
:10F2800049F0ED91FC9111970190F081E02DCD01B5
:10F290001995089582A593A5009739F0DC01ED91A9
:10F2A000FC910190F081E02DF3CF80E00895FC0106
:10F2B000A4A5B5A5109741F0ED91FC91119702849A
:10F2C000F385E02DCD01199482A593A5009739F01F
:10F2D000DC01ED91FC910284F385E02DF4CF90E008
:10F2E00080E00895FC01A4A5B5A5109741F0ED912B
:10F2F000FC9111970084F185E02DCD01199482A530
:10F3000093A5009739F0DC01ED91FC910084F18523
:10F31000E02DF4CF90E080E00895DC0196964D93C7
:10F320005D936D937C939997ED91FC910190F081A1
:10F33000E02D9A01AB0160E719949A01AB01DC0161
:10F3400058962C935897632F63705996EC91599760
:10F35000EC7FE62B5996EC935997ED91FC91019037
:10F36000F081E02D60E01994DC01ED91FC910280C8
:10F37000F381E02D6FE61994262F2F70DC0195960E
:10F380006C919597607F622B95966C93959792966A
:10F390002D913D914D915C919597ED91FC9101904E
:10F3A000F081E02D6CE61994DC0194962C919497F1
:10F3B00060FB21F994962C93949792962D913D9110
:10F3C0004D915C919597ED91FC910190F081E02D2C
:10F3D0006CE61994DC0193968C91939760FB87F906
:10F3E00093968C93939761FB882780F994966C9100
:10F3F00094976E7F682B94966C93949792962D9128
:10F400003D914D915C919597ED91FC9111970190F3
:10F41000F081E02D6CE6CD011994DC0192968C917F
:10F42000929760FB87F992968C9392976695677096
:10F4300093968C919397887F682B93966C93939770
:10F4400092962D913D914D915C919597ED91FC9106
:10F4500011970190F081E02D6CE6CD011994677051
:10F46000262F2295207FDC0192966C9192976F78DF
:10F47000622B92966C93929792962D913D914D911D
:10F480005C919597ED91FC910190F081E02D6CE6F7
:10F490001994DC01ED91FC910280F381E02D6CE682
:10F4A0001994F7DF892F8F700895F3DF86958170A7
:10F4B0000895EFDF771F7727771F8170880F872BDD
:10F4C0000895E7DF862F881F8827881F7770770FBA
:10F4D000872B0895DEDF862F829587700895DC01E3
:10F4E00092964D935D936D937C939597ED91FC91DE
:10F4F0000190F081E02D9A01AB016CE619948F9296
:10F500009F92AF92BF92CF92DF92EF92FF920F93B2
:10F510001F93CF93DF93BCE1A0E06A2F70E0AB01B3
:10F520004B0F511D55954795411119C0E6E2FCE17D
:10F5300065917491072E000C880B990B0E9496B070
:10F54000DF91CF911F910F91FF90EF90DF90CF90BF
:10F55000BF90AF909F908F900895B42FE0CFA417E5
:10F5600011F0B41303C0E2E9FCE1E2CF9A012150AB
:10F570003109220F331F220F331FF901EC5DF34EC7
:10F58000E590F490F901E85DF34EC591D4918E15A4
:10F590009F0518F3A42FC817D90708F4BECFF901A7
:10F5A000EA5DF34E05911491F901E65DF34EC590C5
:10F5B000D4908E199F09BC0190E080E00E9494B025
:10F5C0004B015C01B601601B710B072E000C880B10
:10F5D000990B0E9496B09B01AC01C501B4010E9439
:10F5E000F5B04B015C01CE19DF09BE0190E080E06F
:10F5F0000E9494B09B01AC01C501B4010E9415B6F4
:10F600006B017C01B801110F880B990B0E9496B019
:10F610009B01AC01C701B6010E9439B591CFBC0175
:10F620002091D2043091D3044091D2045091D3045C
:10F630002417350731F481E02617370709F080E0F9
:10F6400008959A01F1CF8F929F92AF92BF92CF927D
:10F65000DF92EF92FF920F931F93CF93DF93B0E26D
:10F66000A0E06A2F70E0AB014B0F511D55954795F7
:10F67000411119C0EEE0FDE165917491072E000C77
:10F68000880B990B0E9496B0DF91CF911F910F913B
:10F69000FF90EF90DF90CF90BF90AF909F908F90B2
:10F6A0000895B42FE0CF4A1711F0B41303C0EAE86D
:10F6B000FDE1E2CF9A0121503109220F331F220FC1
:10F6C000331FF901E45FF24EE590F490F901E05F39
:10F6D000F24EC591D4918E159F0518F3A42FC8172B
:10F6E000D90708F4BECFF901E25FF24E05911491FB
:10F6F000F901EE5EF24EC590D4908E199F09BC01BF
:10F7000090E080E00E9494B04B015C01B601601B68
:10F71000710B072E000C880B990B0E9496B09B0171
:10F72000AC01C501B4010E94F5B04B015C01CE19DA
:10F73000DF09BE0190E080E00E9494B09B01AC0123
:10F74000C501B4010E9415B66B017C01B801110F0F
:10F75000880B990B0E9496B09B01AC01C701B601C2
:10F760000E9439B591CF0E9401B82F923F924F92DB
:10F770005F926F927F928F929F92AF92BF92CF9241
:10F78000DF92EF92FF920F931F93CF93DF93CDB74A
:10F79000DEB7C559D1090FB6F894DEBF0FBECDBF95
:10F7A0007C018B01EF965FAF4EAFEF972091860CF7
:10F7B0003091870C4091880C5091890CDC016D913F
:10F7C0007D918D919C910E94F5B00E946AB7C757B8
:10F7D000DF4F688379838A839B83C958D040209107
:10F7E0008A0C30918B0C40918C0C50918D0CF70150
:10F7F00064817581868197810E94F5B00E946AB705
:10F80000C357DF4F688379838A839B83CD58D04069
:10F8100020918E0C30918F0C4091900C5091910C56
:10F82000D70118966D917D918D919C911B970E94A7
:10F83000F5B00E946AB7CF56DF4F688379838A8319
:10F840009B83C159D0402091920C3091930C4091F0
:10F85000940C5091950CF701648575858685978584
:10F860000E94F5B00E946AB7ED966CAF7DAF8EAF87
:10F870009FAFED978091710C83FF0EC0ED962CAD7C
:10F880003DAD4EAD5FADED972093DD0E3093DE0EB6
:10F890004093DF0E5093E00ED8013C9011962C90CF
:10F8A00011971296BC916A96BFAF6A97F801F381DF
:10F8B000AE96FFAFAE978091CF0E9091D00E891B80
:10F8C00080958F7019F40E94E144F5CF2091CF0EFE
:10F8D000CB56DF4F2883C559D0400091CF0E809181
:10F8E000FF0690910007892B11F00C94D98B809121
:10F8F000D10E9091D20EA091D30EB091D40EC757D5
:10F90000DF4FC880D980EA80FB80C958D040C81A30
:10F91000D90AEA0AFB0A8091D50E9091D60EA091E1
:10F92000D70EB091D80EC357DF4F288139814A8155
:10F930005B81CD58D040281B390B4A0B5B0B63967B
:10F940002CAF3DAF4EAF5FAF63978091D90E9091D2
:10F95000DA0EA091DB0EB091DC0ECF56DF4F28817E
:10F9600039814A815B81C159D040281B390B4A0B30
:10F970005B0B2B962CAF3DAF4EAF5FAF2B978091BB
:10F98000DD0E9091DE0EA091DF0EB091E00EED96AF
:10F990008CAC9DACAEACBFACED97881A990AAA0AA4
:10F9A000BB0A09F461C00E9446208823B9F0ED9695
:10F9B0008CAD9DADAEADBFADED978093DD0E909358
:10F9C000DE0EA093DF0EB093E00E0E94893683EB2B
:10F9D0009AE20E945C32812C912C5401C501B40141
:10F9E0000E9496B020914B0230914C0240914D0202
:10F9F00050914E020E94F5B02B013C0120E030E016
:10FA0000A9010E945FB787FF04C077FA709477F866
:10FA1000709420E030E048E453E46091920C7091DF
:10FA2000930C8091940C9091950C0E94F5B0A301D9
:10FA300092010E9490B087FF17C0ED962CAD3DADAE
:10FA40004EAD5FADED972093DD0E3093DE0E40930B
:10FA5000DF0E5093E00E0E94893684E99AE20E94FC
:10FA60005C32812C912C540110E0F7FC10E163967C
:10FA70008CAD9DADAEADBFAD6397B7FD10622B965B
:10FA80002CAD3DAD4EAD5FAD2B9757FD1460639629
:10FA90008CAD9DADAEADBFAD63978C0D9D1DAE1D04
:10FAA000BF1D23968CAF9DAFAEAFBFAF2397B7FD01
:10FAB00011602601370163962CAD3DAD4EAD5FADB3
:10FAC0006397421A530A640A750A77FC1260B7FCFE
:10FAD0001860C501B4010E9496B020914B0230918C
:10FAE0004C0240914D0250914E020E94F5B0AD96ED
:10FAF0006CAF7DAF8EAF9FAFAD9720E030E0A90136
:10FB00000E945FB787FF5CC4AD966CAD7DAD8EADD6
:10FB10009FADAD979058402F50E025965FAF4EAF08
:10FB2000259757E5059F90011124D901AF5FB84F84
:10FB30006596BFAFAEAF659720E030E040E05FE391
:10FB40000E9439B50E9482B6A1966CAF7DAF8EAF90
:10FB50009FAFA1976596EEADFFAD65971082EB5B09
:10FB6000FF4F10832B962CAD3DAD4EAD5FAD2B9767
:10FB70002F962CAF3DAF4EAF5FAF2F9757FF0DC005
:10FB800050954095309521953F4F4F4F5F4F2F96A1
:10FB90002CAF3DAF4EAF5FAF2F97A9964CAE5DAE89
:10FBA0006EAE7FAEA99777FE0DC088279927DC013E
:10FBB00084199509A609B709A9968CAF9DAFAEAF78
:10FBC000BFAFA99723962CAD3DAD4EAD5FAD23974A
:10FBD00069962CAF3DAF4EAF5FAF699757FF0DC031
:10FBE00050954095309521953F4F4F4F5F4F699607
:10FBF0002CAF3DAF4EAF5FAF699769968CAD9DADB1
:10FC0000AEADBFAD69976596EEADFFAD6597858BDF
:10FC1000968BA78BB08FA9962CAD3DAD4EAD5FAD49
:10FC2000A997218F328F438F548F2F962CAD3DADE6
:10FC30004EAD5FAD2F97258F368F478F50A3209104
:10FC4000EF063091F0064091F1065091F206E596EC
:10FC50002CAF3DAF4EAF5FAFE597C701B6010E9435
:10FC600096B0E5962CAD3DAD4EAD5FADE5970E94EB
:10FC7000F5B0E9966CAF7DAF8EAF9FAFE997698B1A
:10FC80007A8B8B8B9C8B8090F3069090F406A090DF
:10FC9000F506B090F60663966CAD7DAD8EAD9FAD6A
:10FCA00063970E9496B0A50194010E94F5B06B0184
:10FCB0007C01CD8ADE8AEF8AF88E2B966CAD7DAD05
:10FCC0008EAD9FAD2B970E9496B02091F706309194
:10FCD000F8064091F9065091FA060E94F5B0A596F3
:10FCE0006CAF7DAF8EAF9FAFA59769877A878B8703
:10FCF0009C8723966CAD7DAD8EAD9FAD23970E9402
:10FD000096B0E5962CAD3DAD4EAD5FADE5970E944A
:10FD1000F5B0E5966CAF7DAF8EAF9FAFE597698389
:10FD20007A838B839C83C301B2010E9496B0A501A4
:10FD300094010E94F5B0C158DF4F688379838A83AC
:10FD40009B83CF57D0406D837E838F83988720918C
:10FD5000FB063091FC064091FD065091FE06AD96E3
:10FD60006CAD7DAD8EAD9FADAD970E94F5B02B967D
:10FD70006CAF7DAF8EAF9FAF2B976D877E878F87E0
:10FD8000988B69968CAD9DADAEADBFAD699706976A
:10FD9000A105B1050CF022C3A9962CAD3DAD4EAD29
:10FDA0005FADA99726303105410551050CF016C30A
:10FDB0002F968CAD9DADAEADBFAD2F970697A1052B
:10FDC000B1050CF00BC320E030E0A9012B966CAD1F
:10FDD0007DAD8EAD9FAD2B970E945FB787FFF7C2B9
:10FDE0002B968CAD9DADAEADBFAD2B97B05827E532
:10FDF00025964EAD5FAD2597249FF001259FF00D10
:10FE00001124EF5FF84F85879687A787B08B87E52A
:10FE10002596AEADBFAD25978A9FF0018B9FF00D63
:10FE20001124EF5FF84FA1962CAD3DAD4EAD5FAD07
:10FE3000A19721A332A343A354A3A9968CAD9DAD52
:10FE4000AEADBFADA99769962CAD3DAD4EAD5FADE2
:10FE5000699782179307A407B50710F4DA01C9015F
:10FE60002F962CAD3DAD4EAD5FAD2F97821793070A
:10FE7000A407B50710F4DA01C901A1962CAD3DAD78
:10FE80004EAD5FADA19782179307A407B50710F495
:10FE9000DA01C90127E525964EAD5FAD2597249F70
:10FEA000F001259FF00D1124EF5FF84F85A396A375
:10FEB000A7A3B0A70697A105B10510F40C94BC8BBD
:10FEC000EA5AFF4F8091EE06808323968CAD9DAD5C
:10FED000AEADBFAD2397892B8A2B8B2B21F4452800
:10FEE0004628472831F080E00E942B2081E00E94C4
:10FEF0002B2087E52596AEADBFAD25978A9FF001F3
:10FF00008B9FF00D1124EF5FF84F858D968DA78D97
:10FF1000B0A1892B8A2B8B2B19F082E00E942B2019
:10FF2000A1962CAD3DAD4EAD5FADA197232B242BFB
:10FF3000252B11F40C94DB8B80919B0F882319F0F7
:10FF4000815080939B0F0E94242080E280939B0F1E
:10FF5000E090B20CF090B30C0091B40C1091B50C81
:10FF60009701A801632D722D6A968FAD6A97AE96A0
:10FF70009FADAE970E9490B087FD08C0E32CF22C95
:10FF80006A960FAD6A97AE961FADAE9787E5259638
:10FF90004EAD5FAD2597849FF001859FF00D112434
:10FFA000EF5FF84F85859685A785B089AD968CAFB4
:10FFB0009DAFAEAFBFAFAD979C01AD0160E070E00B
:10FFC00080E89FE30E9415B6E1966CAF7DAF8EAFDF
:10FFD0009FAFE1979701A8010E94F5B06B017C01EA
:10FFE0008091CF0E9091CD0E891B8F70A6968FAF0A
:10FFF000A697A701960160E074E284E799E40E9465
:020000021000EC
:1000000015B60E946AB74B015C01A6968FADA69704
:1000100082508630A0F56091820C7091830C8091A3
:10002000840C9091850C681979098A099B09161628
:100030001706180619061CF5660F771F881F991FEB
:10004000A696AFADA6972A2F30E050E040E00E9480
:100050008CB4CA01B9010E9496B00E947DB6680DA9
:10006000791D8A1D9B1D0E9496B09B01AC0160E02A
:1000700074E284E799E40E9415B66B017C01A70144
:100080009601AD966CAD7DAD8EAD9FADAD970E94E6
:10009000F5B0E9966CAF7DAF8EAF9FAFE99787E57E
:1000A0002596EEADFFAD25978E9F80018F9F100D99
:1000B00011240F5F184FE9962CAD3DAD4EAD5FADED
:1000C000E997D80111962D933D934D935C93149726
:1000D00095962D913D914D915C91989769962CAF95
:1000E0003DAF4EAF5FAF6997CA01B9010E9494B0AE
:1000F00063966CAF7DAF8EAF9FAF63979B01AC01F2
:10010000C701B6010E94F5B00E94FFB50E9482B6F9
:10011000CD57DF4F688379838A839B83C358D04050
:10012000F801EA5BFF4F6083718382839383FE0152
:1001300031966B96FFAFEEAF6B9726E93CE0C9575F
:10014000DF4F39832883C758D040AE01435F5F4FEC
:100150005EAF4DAF212C312C50E85FAF8FE32C9672
:100160008FAF2C976B96AEADBFAD6B972D913D9138
:100170004D915D916B96BFAFAEAF6B97C701B60166
:100180000E94F5B04B015C0120E030E0A9010E9423
:100190005FB787FF04C0B7FAB094B7F8B094C957F7
:1001A000DF4FE881F981C758D0404190519061906C
:1001B0007190C957DF4FF983E883C758D040A50134
:1001C0009401C301B2010E9490B087FF16C0A5013F
:1001D0009401C301B2010E9415B65B018C0191012B
:1001E0004FAD2C965FAD2C970E9490B087FF05C055
:1001F00015010FAF2C961FAF2C972DAD3EAD6B9612
:100200004EAD5FAD6B972417350709F0ABCFA70153
:1002100096012B966CAD7DAD8EAD9FAD2B970E9458
:10022000F5B06B017C0120E030E0A9010E945FB7CE
:1002300087FF04C0F7FAF094F7F8F0948090A20CCE
:100240009090A30CA090A40CB090A50CA7019601CF
:10025000C501B4010E9490B087FF16C0A7019601A6
:10026000C501B4010E9415B67B018C0191014FAD0F
:100270002C965FAD2C970E9490B087FF05C01701A8
:100280000FAF2C961FAF2C9720E030E040E85FE3E3
:10029000B1018FAD2C969FAD2C970E9490B087FF37
:1002A0003CC087E52596AEADBFAD25978A9F8001FE
:1002B0008B9F100D11240F5F184F7801B6E4EB0EE1
:1002C000F11CCD57DF4F688179818A819B81C358AA
:1002D000D0400E9494B091014FAD2C965FAD2C9709
:1002E0000E94F5B00E9482B6F70160837183828319
:1002F000938391014FAD2C965FAD2C97E9966CAD31
:100300007DAD8EAD9FADE9970E94F5B0D8011196F5
:100310006D937D938D939C93149763962CAD3DAD17
:100320004EAD5FAD6397E1966CAD7DAD8EAD9FAD8B
:10033000E1970E94F5B06D966CAF7DAF8EAF9FAF29
:100340006D9787E525962EAD3FAD2597829FF001ED
:10035000839FF00D1124EF5FF84F85889688A7885A
:10036000B08C81149104A104B10409F096C0818D70
:10037000928DA38DB48D892B8A2B8B2B09F08DC088
:10038000858D968DA78DB0A1892B8A2B8B2B09F09B
:1003900084C02091AA0C3091AB0C4091AC0C5091D0
:1003A000AD0C6D966CAD7DAD8EAD9FAD6D970E9421
:1003B000F5B00E94FFB50E9482B66B017C015EC160
:1003C000AD966CAD7DAD8EAD9FADAD97A4CB2B96AC
:1003D0008CAD9DADAEADBFAD2B9709CDEF96AEAD5B
:1003E000BFADEF978D909D90AD90BC9020E030E038
:1003F000A901C501B4010E9490B0882389F087E566
:1004000025962EAD3FAD2597829FF001839FF00D7D
:100410001124EF5FF84F85869686A786B08AF7CCC1
:10042000E9962CAD3DAD4EAD5FADE997CA01B9017E
:100430000E94F5B04B015C01A7019601C701B6010E
:100440000E94F5B09B01AC01C501B4010E9439B511
:100450006B017C01A5962CAD3DAD4EAD5FADA59772
:10046000CA01B9010E94F5B09B01AC01C701B601F8
:100470000E9439B50E94A4B727E525964EAD5FAD21
:100480002597249FF001259FF00D1124EF5FF84F71
:10049000658776878787908BBACCA1968CAD9DAD0A
:1004A000AEADBFADA197892B8A2B8B2B09F40CC560
:1004B0002091A60C3091A70C4091A80C5091A90C4A
:1004C0006D966CAD7DAD8EAD9FAD6D970E94F5B014
:1004D0000E94FFB50E9482B66B017C018091EA0602
:1004E0009091EB06A091EC06B091ED066596EEAD0D
:1004F000FFAD6597218D328D438D548D23962CAFA2
:100500003DAF4EAF5FAF2397258D368D478D50A100
:100510002F962CAF3DAF4EAF5FAF2F9741A052A0AB
:1005200063A074A069962CAD3DAD4EAD5FAD6997EB
:1005300082179307A407B50708F4CFC48114910468
:10054000A104B104D1F06091DA067091DB068091CC
:10055000DC069091DD066C157D058E059F0568F41F
:100560000E945BB4A50194010E946AB42C153D055C
:100570004E055F0510F469017A0123968CAD9DAD9F
:10058000AEADBFAD2397892B8A2B8B2B21F16091C8
:10059000DE067091DF068091E0069091E1066C1511
:1005A0007D058E059F05B8F469962CAD3DAD4EAD29
:1005B0005FAD69970E945BB423962CAD3DAD4EAD07
:1005C0005FAD23970E946AB42C153D054E055F056B
:1005D00010F469017A012F962CAD3DAD4EAD5FADA3
:1005E0002F97232B242B252B21F16091E20670916C
:1005F000E3068091E4069091E5066C157D058E0575
:100600009F05B8F469962CAD3DAD4EAD5FAD6997D1
:100610000E945BB42F962CAD3DAD4EAD5FAD2F97D4
:100620000E946AB42C153D054E055F0510F4690162
:100630007A01411451046104710401F16091E606EC
:100640007091E7068091E8069091E9066C157D05AA
:100650008E059F0598F469962CAD3DAD4EAD5FAD0E
:1006600069970E945BB4A30192010E946AB42C15A1
:100670003D054E055F0510F469017A0187E5259671
:100680004EAD5FAD2597849F8001859F100D11248D
:100690000F5F184FF801EE5AFF4FC082D182E282FD
:1006A000F382C701B6010E9494B06D962CAD3DADAA
:1006B0004EAD5FAD6D970E9415B62F966CAF7DAFB6
:1006C0008EAF9FAF2F97D80151966D937D938D93E9
:1006D0009C935497E5962CAD3DAD4EAD5FADE5973F
:1006E0002DA73EA74FA758ABC158DF4F88819981EE
:1006F000AA81BB81CF57D04089AB9AABABABBCAB27
:10070000A5962CAD3DAD4EAD5FADA5972DAB3EABE7
:100710004FAB58AF2B968CAD9DADAEADBFAD2B970B
:1007200089AF9AAFABAFBCAF8E01035D1F4F5E01C7
:100730009DE3A90EB11CC12CD12C7601D8014D909E
:100740005D906D907D908D0120E030E0A901C301A6
:10075000B2010E9490B0882371F0A3019201C301FD
:10076000B2010E94F5B09B01AC01C701B6010E9425
:1007700039B56B017C01A016B10601F7C701B601BE
:100780000E94A4B79B01AC0160E070E080E89FE3A9
:100790000E9415B66B017C01AC019B01E5966CAD26
:1007A0007DAD8EAD9FADE5970E94F5B02B013C016C
:1007B0004DA65EA66FA678AAA7019601C158DF4F85
:1007C000688179818A819B81CF57D0400E94F5B0A2
:1007D0004B015C0189AA9AAAABAABCAAA7019601FF
:1007E000A5966CAD7DAD8EAD9FADA5970E94F5B081
:1007F00023966CAF7DAF8EAF9FAF23976DAB7EAB73
:100800008FAB98AFA70196012B966CAD7DAD8EADE9
:100810009FAD2B970E94F5B063966CAF7DAF8EAF06
:100820009FAF639769AF7AAF8BAF9CAFA696BFAD12
:10083000A697BB2309F46EC52091AE0F3091AF0F80
:100840004091B00F5091B10F69962CAF3DAF4EAFB4
:100850005FAF69972DEB37E346E855E369966CADDA
:100860007DAD8EAD9FAD69970E9490B087FD52C55A
:1008700080918B0F90918C0FA0918D0FB0918E0F66
:10088000A1968CAF9DAFAEAFBFAFA19720918F0F58
:100890003091900F4091910F5091920FA5962CAFEF
:1008A0003DAF4EAF5FAFA5978091930F9091940F9E
:1008B000A091950FB091960FA9968CAF9DAFAEAF5A
:1008C000BFAFA9972091970F3091980F4091990F42
:1008D00050919A0F6D962CAF3DAF4EAF5FAF6D97B5
:1008E000A1966CAD7DAD8EAD9FADA1979058A30143
:1008F00092010E94F5B06B017C01A5966CAD7DADB7
:100900008EAD9FADA5979058A50194010E94F5B0BA
:100910009B01AC01C701B6010E9439B56B017C0196
:10092000A9966CAD7DAD8EAD9FADA99790582396DD
:100930002CAD3DAD4EAD5FAD23970E94F5B09B0150
:10094000AC01C701B6010E9439B56B017C016D96FF
:100950006CAD7DAD8EAD9FAD6D97905863962CAD0F
:100960003DAD4EAD5FAD63970E94F5B09B01AC010C
:10097000C701B6010E9439B52B966CAF7DAF8EAF23
:100980009FAF2B972FEE3FEF4FE75FE30E945FB7DC
:1009900018160CF4B8C4A1962CAD3DAD4EAD5FADAC
:1009A000A197C301B2010E9438B52B013C014D8EC5
:1009B0005E8E6F8E78A2A5962CAD3DAD4EAD5FAD2F
:1009C000A597C501B4010E9438B5A1966CAF7DAF63
:1009D0008EAF9FAFA19769A37AA38BA39CA3A9967F
:1009E0002CAD3DAD4EAD5FADA99723966CAD7DAD01
:1009F0008EAD9FAD23970E9438B5A5966CAF7DAFA5
:100A00008EAF9FAFA5976DA37EA38FA398A76D967A
:100A10002CAD3DAD4EAD5FAD6D9763966CAD7DADCC
:100A20008EAD9FAD63970E9438B563966CAF7DAF76
:100A30008EAF9FAF639769A77AA78BA79CA7AE01DC
:100A4000435E5F4F21965FAF4EAF21978E01035DEE
:100A50001F4F1A01C12CD12C7601D1018D909D9090
:100A6000AD90BD901D0120E030E0A901C501B401A9
:100A70000E9490B0882371F0A5019401C501B401D2
:100A80000E94F5B09B01AC01C701B6010E9439B5C7
:100A90006B017C010215130501F7C701B6010E9425
:100AA000A4B79B01AC0160E070E080E89FE30E9486
:100AB00015B66B017C01AC019B01C301B2010E9420
:100AC000F5B06D8F7E8F8F8F98A3A7019601A196A9
:100AD0006CAD7DAD8EAD9FADA1970E94F5B069A3C1
:100AE0007AA38BA39CA3A7019601A5966CAD7DADBF
:100AF0008EAD9FADA5970E94F5B06DA37EA38FA389
:100B000098A7A701960163966CAD7DAD8EAD9FADA4
:100B100063970E94F5B069A77AA78BA79CA702E705
:100B20001CE02F964CAC5DAC6EAC7FAC2F97219641
:100B3000EEADFFAD2197C190D190E190F19021965B
:100B4000FFAFEEAF219720E030E0A901C701B60169
:100B50000E9490B0882309F43EC020E030E0A90153
:100B6000C701B6010E945FB787FFC1C2A701960106
:100B7000505863962CAF3DAF4EAF5FAF6397D8012F
:100B80006D917D918D919C910E9494B04B015C017F
:100B9000A301920163966CAD7DAD8EAD9FAD639761
:100BA0000E94F5B0A50194010E945FB718169CF44D
:100BB000A7019601C501B4010E9415B62B013C01A5
:100BC00020E030E0A9010E945FB787FF04C077FAF8
:100BD000709477F870940C5F1F4F2196EEADFFADC7
:100BE00021972E163F0609F0A2CFEF96AEADBFAD0E
:100BF000EF971496CD90DD90ED90FC90179720E044
:100C000030E0A901C701B6010E9490B0882309F421
:100C100075C2A3019201C701B6010E94F5B01B0184
:100C20008C0169962CAD3DAD4EAD5FAD6997CA01A3
:100C3000B9010E94F5B06B017C0187E52596AEAD48
:100C4000BFAD25978A9FF0018B9FF00D1124EF5FB8
:100C5000F84F61817281838194819B01AC010E9474
:100C6000F5B04B015C019B01AC01B601C7010E94CC
:100C70005FB7181614F4640175019101A801B6015B
:100C8000C7010E945FB7181614F46101780180E172
:100C9000FE01BD96ABE8BFE001900D928A95E1F7A9
:100CA00087E52596EEADFFAD25978E9F80018F9F3E
:100CB000100D11240F5F184FC601D701F80181876D
:100CC0009287A387B4872F966CAD7DAD8EAD9FAD17
:100CD0002F9790589B01AC010E9439B56596AEAD37
:100CE000BFAD65971D962D913D914D915C915097AB
:100CF0000E94F5B09B01AC016BE077ED83E29BE3D2
:100D00000E9438B56B017C018BE097EDA3E2BBE359
:100D1000F80185839683A783B0876181728183817F
:100D200094816596AEADBFAD65972C9121602C93F3
:100D30009B01AC010E94F5B09B01AC01C701B6015B
:100D40000E945FB787FD07C06596EEADFFAD659762
:100D500080818260808387E525962EAD3FAD259703
:100D6000829FF001839FF00D1124EF5FF84F818186
:100D70009281A381B4818093AE0F9093AF0FA09323
:100D8000B00FB093B10FC757DF4F88819981AA8107
:100D9000BB81C958D0408093D10E9093D20EA093BE
:100DA000D30EB093D40EC357DF4F288139814A81C7
:100DB0005B81CD58D0402093D50E3093D60E409312
:100DC000D70E5093D80ECF56DF4F88819981AA81D4
:100DD000BB81C159D0408093D90E9093DA0EA09375
:100DE000DB0EB093DC0EED962CAD3DAD4EAD5FADA0
:100DF000ED972093DD0E3093DE0E4093DF0E50937F
:100E0000E00E9091CF0E8091D00E981303C084E62F
:100E10008093CC0ECB56DF4F8881C559D0408F5F71
:100E20008F708093CF0E8091CF0E9091CE0E815017
:100E30008F70891709F4ACC31091CF0E2090CE0E9D
:100E40008091CF0E281609F408C311501F70D12CC1
:100E5000C12C121509F401C3812E912C37E5389D60
:100E6000F001399DF00D1124EF5FF84F808183FD73
:100E7000EFC22596FFAFEEAF2597B1840285A3841C
:100E800034844580568067807084A30192016B2D65
:100E9000702F8A2D932D0E9490B0811145C2C114EC
:100EA000D10421F0D6018C9180FD42C211501F70F7
:100EB000822D2090CE0E281609F431C2181709F49D
:100EC000CCC28F5F8F70F5CF2091AE0C3091AF0CFC
:100ED0004091B00C5091B10CF3CA81149104A1045B
:100EE000B10409F43FC06091DA067091DB0680918D
:100EF000DC069091DD066C157D058E059F0590F54D
:100F00000E9494B063962CAD3DAD4EAD5FAD63973E
:100F10000E94F5B069966CAF7DAF8EAF9FAF6997B9
:100F2000C501B4010E9494B09B01AC0169966CADFF
:100F30007DAD8EAD9FAD69970E9415B64B015C01EA
:100F4000C701B6010E9494B09B01AC01C501B40178
:100F50000E9490B087FF06C0C501B4010E9482B60E
:100F60006B017C0123968CAD9DADAEADBFAD2397DB
:100F7000892B8A2B8B2BD9F16091DE067091DF06CD
:100F80008091E0069091E1066C157D058E059F0528
:100F900070F50E9494B063962CAD3DAD4EAD5FAD43
:100FA00063970E94F5B04B015C0123966CAD7DAD5B
:100FB0008EAD9FAD23970E9494B09B01AC01C501FB
:100FC000B4010E9415B64B015C01C701B6010E9435
:100FD00094B09B01AC01C501B4010E9490B087FFA1
:100FE00006C0C501B4010E9482B66B017C012F9638
:100FF0002CAD3DAD4EAD5FAD2F97232B242B252B74
:10100000D9F16091E2067091E3068091E406909137
:10101000E5066C157D058E059F0570F50E9494B060
:1010200063962CAD3DAD4EAD5FAD63970E94F5B0BC
:101030004B015C012F966CAD7DAD8EAD9FAD2F97B2
:101040000E9494B09B01AC01C501B4010E9415B689
:101050004B015C01C701B6010E9494B09B01AC0139
:10106000C501B4010E9490B087FF06C0C501B4015C
:101070000E9482B66B017C01411451046104710429
:1010800009F4FCCA6091E6067091E7068091E806D3
:101090009091E9066C157D058E059F0508F0EECA56
:1010A0000E9494B063962CAD3DAD4EAD5FAD63979D
:1010B0000E94F5B04B015C01C301B2010E9494B0E3
:1010C0009B01AC01C501B4010E9415B64B015C0146
:1010D000C701B6010E9494B09B01AC01C501B401E7
:1010E0000E9490B087FFCACAC501B40164C9639663
:1010F000CCAEDDAEEEAEFFAE639741CD2FEE3FEF4F
:101100004FE75FEB2B966CAD7DAD8EAD9FAD2B9712
:101110000E9490B087FF0AC02FEE3FEF4FE75FEBD2
:101120002B962CAF3DAF4EAF5FAF2B972B962CADD0
:101130003DAD4EAD5FAD2B9760E070E080E89FE382
:101140000E9438B520E030E040E05FE30E94F5B057
:101150000E94A4B76B017C012091D6063091D7067E
:101160004091D8065091D906C301B2010E94F5B052
:10117000A70196010E94F5B04B015C01A701960101
:1011800060E070E080E89FE30E9438B59B01AC010D
:10119000C501B4010E9415B61B018C0120E030E0AE
:1011A00040E85FE3AD966CAD7DAD8EAD9FADAD9784
:1011B0000E9490B087FF35CD23EF34E045E35FEB2D
:1011C0002B966CAD7DAD8EAD9FAD2B970E9490B0F0
:1011D00087FF27CD20E030E0A9012B966CAD7DADD7
:1011E0008EAD9FAD2B970E9490B0C12CD12C60E8A2
:1011F000E62E6FEBF62E87FD06C0C12CD12C50E8F1
:10120000E52E5FE3F52EA70196012B966CAD7DAD23
:101210008EAD9FAD2B970E94F5B04B015C0129E587
:1012200039ED40E053E30E9490B087FD69C0A5010D
:10123000940160E070E080E89FE30E9438B520E010
:1012400030E040E057E40E94F5B00E9482B6CB0146
:101250000E94F0B40197880F991F880F991FFC0115
:10126000EC5AF54D2591359145915491FC01EC5E78
:10127000F54D85919591A591B4912B968CAF9DAF2D
:10128000AEAFBFAF2B97C501B4010E94F5B02B964E
:101290002CAD3DAD4EAD5FAD2B970E9439B54B01E6
:1012A0005C0120E030E0A901C701B6010E945FB7F0
:1012B000181654F4A50194016BED7FE089E490E4E5
:1012C0000E9438B54B015C01A3019201AD966CAD53
:1012D0007DAD8EAD9FADAD970E94F5B0A501940197
:1012E0000E9415B66B017C019B01AC01B101C801E4
:1012F0000E945FB718160CF094CC1601870191CCB0
:1013000090E080E0A8CF2BE0222E37ED332E03E2D1
:101310001BE387CCC12CD12CE12CF12CB8CC259629
:10132000CEACDFAC259795CDC114D10409F468C0CB
:10133000F601C580D680E780F084B7E5B89DF0015E
:10134000B99DF00D1124EF5FF84F808181FD32C00F
:10135000618972898389948990589B01AC010E94AC
:1013600039B52596EEADFFAD2597258536854785A0
:1013700050890E94F5B09B01AC01C701B6010E94E3
:1013800038B56B0164968FAF649728969FAF289706
:101390009B01AC016B2D702F8A2D932D0E9490B074
:1013A00087FD08C0BC2C0D2D6496AFAC64972896C1
:1013B0003FAC28972B2D302F4A2D532DC301B2015E
:1013C0000E9490B0882309F471CDF7E5F89DC00123
:1013D000F99D900D11249C012F5F384F6901D901AF
:1013E0008C9181608C9325968EAD9FAD25970E9440
:1013F0000F7B882319F1F60180818E7F808356CD83
:10140000EF96AEADBFADEF971896CD90DD90ED9015
:10141000FC901B972BE037ED43E25BE3C701B6017D
:101420000E945FB718160CF488CF9BE0C92E97ED89
:10143000D92E93E2E92E9BE3F92E7FCF8B2D902FAF
:10144000AA2DB32DF60185839683A783B0872ECD71
:101450002596DFAECEAE259729CD1091CE0ED12C9C
:10146000C12C07E58091CF0E811709F491C0812E20
:10147000912C089DC001099D900D11249C012F5FA6
:10148000384F1901D9018C91560183FD75C059015E
:10149000C114D10409F470C0C6010E940F7B8111F0
:1014A0006BC0D6018C9181FD52C0D10115964D9033
:1014B0005D906D907C901897D60115962D913D9179
:1014C0004D915C91189727962CAF3DAF4EAF5FAF13
:1014D0002797A301920127966CAD7DAD8EAD9FAD90
:1014E00027970E9490B087FF32C0F6016189728908
:1014F0008389948990589B01AC010E9439B5D6012B
:101500001D962D913D914D915C9150970E94F5B0A3
:101510009B01AC0127966CAD7DAD8EAD9FAD27973D
:101520000E9438B56B017C01A30192010E9490B02A
:1015300087FF0DC0F101808181608083C5010E9419
:101540000F7B8823E9F0D1018C918E7F8C93089DCD
:10155000F001099DF00D1124EF5FF84F21853285D0
:101560004385548565817681878190850E9490B0FE
:10157000811102C01093CE0E1F5F1F70650172CFE4
:10158000F101C582D682E782F0861093CE0EDFCFBE
:10159000F090D00EE090CF0E27E5FE1409F488C03D
:1015A0008FEF8E0D8F70289FF0011124EF5FF84FA1
:1015B000908193FD7BC0A12CB12C812C912C10E04B
:1015C00000E0FE1409F47FC0F7E5FF9EC00111247E
:1015D0009C012F5F384F6901D9018C9183FD6AC04E
:1015E00015966D917D918D919C9118970E94A4B74D
:1015F0003B0124968FAF249764969FAF64970115A3
:10160000110509F446C0F601808180FF04C0D801AD
:101610008C9181608C93F801808180FF3AC0C80171
:101620000E940F7B811131C0D80111962D913D91FF
:101630004D915C91149760E070E080E89FE30E9418
:1016400015B61B012C01AC019B01B30124968FAD93
:10165000249764969FAD64970E94F5B069837A835E
:101660008B839C839501A401C201B1010E94F5B056
:101670006D8F7E8F8F8F98A3AE014F5F5F4FBE013E
:10168000635E7F4FC8010E948120F80180818E7FB8
:101690008083F394FF2DFF70FF2E530124968FACAF
:1016A000249764969FAC649786018BCFE82E75CF04
:1016B000EF2C81CF350124968FAE249764969FAE90
:1016C00064976801E6CF0115110509F455C0EF963E
:1016D000AEADBFADEF9718966D917D918D919C91B8
:1016E0001B970E94A4B76B017C012DEC3CEC4CE4F1
:1016F0005DE30E945FB7181644F08DECC82E8CECA9
:10170000D82E8CE4E82E8DE3F82EF80180818160DC
:101710008083C8010E940F7B81112AC0D8011196D5
:101720002D913D914D915C91149760E070E080E8BF
:101730009FE30E9415B62B013C01A70196010E9470
:10174000F5B069837A838B839C83A3019201B501F1
:10175000C4010E94F5B06D8F7E8F8F8F98A3AE016C
:101760004F5F5F4FBE01635E7F4FC8010E948120C3
:10177000F80180818E7F80830E94D22281E0CB5647
:10178000DF4F0FB6F894DEBF0FBECDBFDF91CF9114
:101790001F910F91FF90EF90DF90CF90BF90AF908F
:1017A0009F908F907F906F905F904F903F902F9081
:1017B000089580E0E4CFE090B60CF090B70C009173
:1017C000B80C1091B90C0C94B07FFC01DB018C912A
:1017D00020813181382798E0A901220F331F57FD5E
:1017E00005C09150C9F7318320830895B1E22B27BA
:1017F000B0E13B27F6CF8F929F92AF92BF92EF92CC
:10180000FF921F93CF93DF93CDB7DEB7A0970FB6AC
:10181000F894DEBF0FBECDBF61157105810591053E
:1018200091F120E04AE0842E912CA12CB12C11E002
:10183000120FEE24E394F12CEC0EFD1EE20EF11CCF
:1018400027FDFA94A50194010E946AB4F701608310
:10185000B901CA01212F611571058105910539F77B
:10186000115018F1E1E0F0E0EC0FFD1FE10FF11D68
:1018700017FDFA95908187E39A3008F480E3890F89
:101880000E942031EDCF80E3A0960FB6F894DEBF22
:101890000FBECDBFDF91CF911F91FF90EF90BF9012
:1018A000AF909F908F900C942031A0960FB6F89433
:1018B000DEBF0FBECDBFDF91CF911F91FF90EF90A4
:1018C000BF90AF909F908F900895CF92DF92EF924C
:1018D000FF926B017C01F7FE0BC0F094E094D09472
:1018E000C094C11CD11CE11CF11C8DE20E9420316E
:1018F000C701B601FF90EF90DF90CF907CCF8F9221
:101900009F92AF92BF92CF92DF92EF92FF92CF93CE
:101910006B017C01B42E20E030E0A9010E9490B060
:1019200087FF07C08DE20E942031F7FAF094F7F8A4
:10193000F094C0E060E070E080E09FE3CB1541F000
:101940002DEC3CEC4CEC5DE30E94F5B0CF5FF6CFA4
:10195000A70196010E9439B56B017C010E9482B6F5
:101960004B015C0148DFCC2369F1C501B4010E9441
:1019700094B09B01AC01C701B6010E9438B56B0160
:101980007C018EE20E942031C150E0F020E030E086
:1019900040E251E4C701B6010E94F5B06B017C0141
:1019A0000E9482B64B015C0126DFC501B4010E9492
:1019B00094B09B01AC01C701B6010E9438B56B0120
:1019C0007C01E2CFCF91FF90EF90DF90CF90BF905E
:1019D000AF909F908F900895CF92DF92EF92FF92F9
:1019E000E6ECFCE080818183C090480DD090490DE9
:1019F000E0904A0DF0904B0D8FEFC81AD80AE80A14
:101A0000F80A8FEE9AE20E945C32C701B6010E948A
:101A1000062E8AE00E9420318BEE9AE2FF90EF9032
:101A2000DF90CF900C945C32CF92DF92EF92FF92D6
:101A30000F931F93CF938C01C62F0E94EA34C0905E
:101A4000480DD090490DE0904A0DF0904B0DC80123
:101A50000E945C32C701B6010E94062E8AE00E94F5
:101A600020310E94CD440196E1F78C2FB5DF109212
:101A70004D0D10924C0DCF911F910F91FF90EF9053
:101A8000DF90CF9008954F925F926F927F928F92E6
:101A90009F92AF92BF92CF92DF92EF92FF920F93FD
:101AA0001F93CF93DF93CFE4D2E04C845D846E84A8
:101AB0007F840AEB1CE0F80124813581468157813F
:101AC0006C817D818E819F810E9439B54B015C01C3
:101AD000F8012085318542855385688579858A8519
:101AE0009B850E9439B56B017C01F8012081318111
:101AF00042815381688179818A819B810E9439B5B5
:101B0000AB01BC0188EE9AE20E94AB37B501A4019B
:101B100084EE9AE20E94AB37B701A60180EE9AE20A
:101B20000E94AB37B301A2018CED9AE2DF91CF9115
:101B30001F910F91FF90EF90DF90CF90BF90AF90EB
:101B40009F908F907F906F905F904F900C94AB37E9
:101B5000CF92DF92EF92FF920F931F93CF93DF9379
:101B6000CDB7DEB7A6970FB6F894DEBF0FBECDBFD8
:101B700087E00E940425877009F467C040914A03FA
:101B800050914B0360914C0370914D034BA35CA3A8
:101B90006DA37EA330E020E0E0E090E0AC01022EF7
:101BA00002C0559547950A94E2F740FF11C06FE1D6
:101BB00070E06C0F7D1F6E0F711D43E250E04C0F03
:101BC0005D1F420F531FDA014C91DB014C93EF5F15
:101BD0002F5F3F4F2330310509F78E01015E1F4F04
:101BE000E00FF12FF11D10821F930F938EECE82E62
:101BF0008AE2F82EFF92EF92CE0101966C019F933C
:101C00008F930E9461B00E948936C6010E944E32B5
:101C10001F930F93FF92EF92DF92CF920E9461B0D9
:101C20000FB6F894DEBF0FBECDBF81E0A6960FB60B
:101C3000F894DEBF0FBECDBFDF91CF911F910F9102
:101C4000FF90EF90DF90CF90089580E0EFCFEF927C
:101C5000FF920F931F93CF93DF93CDB7DEB76097BB
:101C60000FB6F894DEBF0FBECDBFFC018B017A0129
:101C700090E1DE01119601900D929A95E1F7CE0167
:101C800001960E946A208091FF0690910007892B9F
:101C900099F4A701B801CE0101960E94B57B609628
:101CA0000FB6F894DEBF0FBECDBFDF91CF911F916D
:101CB0000F91FF90EF90089580E0F1CFCF93DF93E5
:101CC0008091CF0E9091D00E891B80958F7019F462
:101CD0000E94E144F5CF8091CF0E8F5F8F70A0916D
:101CE000CF0E97E5A99FD0011124FD01EF5FF84FBA
:101CF000EF0119929A95E9F7908198609083AA5E16
:101D0000B84F90E1E1EDFEE001900D929A95E1F778
:101D10002091CF0E9091D00E291303C094E690939A
:101D2000CC0E8093CF0EDF91CF910C94D222CF9323
:101D3000DF93CDB7DEB760970FB6F894DEBF0FBE66
:101D4000CDBF80E1EFE4F2E0DE01119601900D924B
:101D50008A95E1F7CE0101960E946A20CE01019694
:101D60000E94A64960960FB6F894DEBF0FBECDBFA5
:101D7000DF91CF910895CF93C82F41E00E94913712
:101D80008C2FCF910C946A37CF93DF9365E07AE282
:101D9000F2DFC2E7DCE04C895D896E897F898DEFD7
:101DA00099E20E94AB37488D598D6A8D7B8D8AEF01
:101DB00099E20E94AB374C8D5D8D6E8D7F8D87EFE4
:101DC00099E20E94AB3748A159A16AA17BA184EF97
:101DD00099E20E94AB378AE0DF91CF910C942031D9
:101DE0004F925F926F927F928F929F92AF92BF922B
:101DF000CF92DF92EF92FF92CF93DF93EC01FB0142
:101E0000C080D180E280F38027E137EB41ED58EBD1
:101E1000C701B6010E945FB787FD8DC023E030E0A7
:101E200048EC53E4C701B6010E9490B018160CF4B8
:101E300082C088809980AA80BB8027E137EB41ED82
:101E400058EBC501B4010E945FB787FD74C023E061
:101E500030E845EC53E4C501B4010E9490B0181677
:101E60000CF469C04090AE065090AF066090B0068A
:101E70007090B106A301920160E070E088EC91E4FB
:101E80000E9438B527E137EB41ED58E30E9438B5A1
:101E90009B01AC01C501B4010E945FB787FD4BC037
:101EA000A301920160E070E089EB93E40E9438B5F1
:101EB00027E137EB41ED58E30E9439B59B01AC01B6
:101EC000C501B4010E9490B01816ACF18090B20622
:101ED0009090B306A090B406B090B506A501940109
:101EE00060E070E088EC91E40E9438B527E137EBC0
:101EF00041ED58E30E9438B59B01AC01C701B60122
:101F00000E945FB787FD17C0A501940160E070E8EB
:101F10008BEB93E40E9438B527E137EB41ED58E3B2
:101F20000E9439B59B01AC01C1E0C701B6010E9416
:101F300090B018160CF4C0E08C2FDF91CF91FF9079
:101F4000EF90DF90CF90BF90AF909F908F907F9059
:101F50006F905F904F9008954F925F926F927F9233
:101F60008F929F92AF92BF92CF92DF92EF92FF92A9
:101F70000F931F93CF93DF93CDB7DEB768970FB65C
:101F8000F894DEBF0FBECDBF5C014B01142F022FB2
:101F9000FC0180819181A281B38189839A83AB8383
:101FA000BC83FB0180819181A281B3818D839E835B
:101FB000AF83B8878091570290915802A09159023F
:101FC000B0915A0289879A87AB87BC87BE016B5F45
:101FD0007F4FCE01019604DFC12CD12C90ECE92E6D
:101FE0009FE7F92E882309F4C4C08091470290919D
:101FF0004802A0914902B0914A028D879E87AF871F
:10200000B88B9E01235F3F4FAE01475F5F4FBE011C
:102010006B5F7F4FCE0101960E945A4A8091A106C4
:10202000811103C081E00E94AA4B8091A00682FF2B
:10203000B9C02091AA063091AB064091AC065091F0
:10204000AD0660E070E080E291EC0E9438B56D8BE7
:102050007E8B8F8B988F80E090E0A0E4B0E4898B3A
:102060009A8BAB8BBC8BBE016F5E7F4FCE014596CA
:102070000E94394B882309F49AC060E070E080EC3C
:102080009FE72091AA063091AB064091AC06509193
:10209000AD060E9439B56B017C01AC019B010E9429
:1020A000E5B781115EC08DEF810F823008F0CDC0A1
:1020B00060915702709158028091590290915A0292
:1020C00020E030E040E450E4143021F420E030E03F
:1020D00048EC51E40E9439B56D8B7E8B8F8B988FC5
:1020E00064E273E0CE0145960E94174B033008F47A
:1020F00040C02091BA0C3091BB0C4091BC0C509167
:10210000BD0CF50160817181828193810E9439B596
:10211000AB01BC018FEF97E20E94AB372091BE0C60
:102120003091BF0C4091C00C5091C10CF401608102
:102130007181828193810E9439B5AB01BC018AEF24
:1021400097E20E94AB37B701A60185EF97E20E94A4
:10215000F537A7019601C701B6010E94E5B78823AC
:1021600041F00E940F4C0E94EA3485EE97E20E94F3
:102170005C32C701B60168960FB6F894DEBF0FBE99
:10218000CDBFDF91CF911F910F91FF90EF90DF9026
:10219000CF90BF90AF909F908F907F906F905F9007
:1021A0004F90089560E070E080E291EC50CFC090D5
:1021B0005702D0905802E0905902F0905A0220E065
:1021C00030E040EC5FE3C701B6010E9439B56D878E
:1021D0007E878F87988B64E273E0CE010D960E9414
:1021E000174B80E090E0A0ECBFE38D879E87AF8720
:1021F000B88BBE01635F7F4FCE0145960E94394B7D
:1022000081113BCF20E030E040E450E46091570280
:10221000709158028091590290915A020E94F5B033
:102220002B013C01A7019601C701B6010E9439B5F7
:102230009B01AC01C301B2010E9439B52DEC3CEC0D
:102240004CE45EE30E94F5B01CCF1150123008F050
:102250004DCF0E940F4C882309F448CFC12CD12CBC
:1022600080ECE82E8FE7F82E033008F47ACF41CFC8
:10227000CF92DF92EF92FF920F931F9324EB37E2FE
:1022800041E0F901C590D590E590F490C616D706C7
:10229000E806F90658F49695879577956795440F63
:1022A0002C5F3F4F57E2203D350759F740939E067C
:1022B000613271058105910568F4E4EBF3E2659103
:1022C000749190E080E01F910F91FF90EF90DF906C
:1022D000CF900895DC01CB018097A109B109811548
:1022E00028E09207A105B105C8F044E0949F900151
:1022F00011242C54304EF901329645915491F90134
:10230000259134916627859FF001849F000CE11D83
:10231000F61F11242E1B3F0BB901D3CF8C019D0159
:1023200036952795179507950C7F0C541C4DF80191
:1023300025913491F801329645915491682F677038
:10234000649FC001659F900D112443E09695879589
:102350004A95E1F7281B390BDFCF1F920F920FB67A
:102360000F9211240BB60F922F933F934F935F93CD
:102370006F937F938F939F93AF93BF93EF93FF934D
:10238000E091890FF0918A0F309749F0A685B785C3
:102390008585968D91FF16C09C918923B1F4FF919C
:1023A000EF91BF91AF919F918F917F916F915F91CD
:1023B0004F913F912F910F900BBE0F900FBE0F903A
:1023C0001F9018959C91892351F7A389B4899C91FA
:1023D0008589809589238C93868997890197F1F760
:1023E000608D718DA685B785558538E020E0CB01DD
:1023F0000197F1F7822F90E095958795282F4C91C2
:10240000452309F02068315091F7868D81FD209594
:102410008091870F90E001968F7399273091880FF4
:10242000381799F0A091870FB0E0A95BB04F2C93BB
:102430008093870F828D938D0197F1F7A389B489DB
:102440008C919589892B8C93AACF868D8160868FFC
:10245000F1CFCF93DF93282F30E0F901E255F14E11
:102460008491F901E259F04ED491F901E85DF04E02
:10247000C491CC23A1F081110E948478EC2FF0E06C
:10248000EE0FFF1FEC50F14EA591B491EC91ED23AE
:1024900081E090E009F480E0DF91CF91089580E041
:1024A00090E0FACF1F93CF93DF93282F30E0F9010C
:1024B000E255F14E8491F901E259F04ED491F901BF
:1024C000E85DF04EC491CC23A9F0162F81110E9433
:1024D0008478EC2FF0E0EE0FFF1FE25FF04EA59145
:1024E000B4918FB7F894EC91111108C0D095DE2308
:1024F000DC938FBFDF91CF911F910895DE2BF8CF32
:10250000EF92FF920F931F93CF93DF93CDB7DEB778
:1025100062970FB6F894DEBF0FBECDBF611571058F
:1025200071F460E062960FB6F894DEBF0FBECDBFC7
:10253000DF91CF911F910F91FF90EF90B3CF6F3F3D
:10254000710511F461E0EECF8B01F82E682FCE01FA
:1025500001960E949F2F8989882309F477C0E98119
:10256000FA819F858889911134C0608190E023E0D1
:1025700030E0A901481B590B440F551F042E01C020
:10258000220F0A94EAF72095262362E070E001C04A
:10259000660F4A95EAF7262B2083FC013396EE0F4F
:1025A000FF1F21E030E02C0F3D1FE20FF31F0190D1
:1025B000F081E02D1183008362960FB6F894DEBFA0
:1025C0000FBECDBFDF91CF911F910F91FF90EF9084
:1025D00008952A892111F0CFAFEFB0E0923029F0B1
:1025E000AD85BE850D90BC91A02D608190E023E06B
:1025F00030E0A901481B590B440F551F042E01C0A0
:10260000220F0A94EAF72095262362E070E001C0C9
:10261000660F4A95EAF7262B20830396880F991FA9
:10262000E1E0F0E0EC0FFD1F8E0F9F1FFC01E0804A
:10263000F18098010E94B2B42FEF30E040E050E00A
:102640000E946AB4F70131832083B6CF61E00F376F
:10265000110508F460E08F2D65CFCF93DF93EC0177
:102660006C81617088811EDF6C81669561708A81E2
:10267000DF91CF9117CFCF93DF9390E0FC01E25928
:10268000F04E2491885D904EFC0184918823C9F01E
:1026900090E0880F991FFC01EC56F14EA591B49182
:1026A000FC01E25FF04EC591D49161110DC09FB75E
:1026B000F8948C91209582238C93888128232883F9
:1026C0009FBFDF91CF910895623051F49FB7F89486
:1026D0003C91822F809583238C93E8812E2BEFCF22
:1026E0008FB7F894EC912E2B2C938FBFEACFCF931A
:1026F000DF93EC01ECA5FDA5309709F470C0138EB3
:10270000128E118E108E178A168A82E490E0958FB1
:10271000848F848596EF980F943048F02EEC280F24
:10272000243028F022EC280F283008F051C02FE088
:1027300030E0378B268B20E430E0318F208F27E28A
:1027400030E0338F228F943050F02EEC280F24305D
:1027500030F022EC280FB0E0A0E0283010F4A8E61A
:10276000B0E02C91943028F032EC380F383008F477
:1027700041C031E0232B943048F09EEC980F943008
:1027800028F08E53B0E0A0E0883010F4A8E6B0E066
:102790002C93248536EF320F343070F18EEC820F9B
:1027A000843050F182EC820F883048F190E080E074
:1027B000948B838B343030F52650330B81E001C08D
:1027C000880F2A95EAF7858B848D958D0197F1F70F
:1027D000CF010E9459788CA59DA50E9443788EA5B3
:1027E0009FA5009709F161E05DDE61E08EA5DF91B4
:1027F000CF9141CF34E0BECF8BE690E0D9CF8DE6CC
:1028000090E0D6CF88E02233F1F284E02333D9F28E
:1028100082E02433C1F282EC820F883018F42E5308
:10282000330BCCCF81E0CFCFDF91CF9108958F9242
:102830009F92AF92BF92CF92DF92EF92FF926B0185
:102840007C010E9408794B015C01C114D104E104B0
:10285000F104B9F00E940879681979098A099B097D
:10286000683E73408105910580F321E0C21AD108CA
:10287000E108F10888EE880E83E0981EA11CB11CC7
:10288000E4CFFF90EF90DF90CF90BF90AF909F90FC
:102890008F900895CF92DF92EF92FF920F931F9344
:1028A000CF93DF9300D000D01F921F92CDB7DEB739
:1028B0007C0118861F8285E08983F70182A98A83BB
:1028C00060686B835C834D833E832F8367E0CE011A
:1028D00001960E943C778887F70182A593A5892BF2
:1028E00029F080A991A9009709F0B7DE8E010F5F4A
:1028F0001F4F6E01F9E0CF0ED11CF80161918F01DD
:10290000C7010E943C79F70121893289820F932FF8
:10291000911D928B818B0C151D0579F762E070E09B
:1029200080E090E084DF28960FB6F894DEBF0FBEFB
:10293000CDBFDF91CF911F910F91FF90EF90DF906E
:10294000CF900895EF92FF920F931F93CF937B0147
:102950008A01C2E48F3F09F0C4E580E20E94203181
:102960008C2F0E9420318AE30E942031F701608180
:1029700071818281938142E00E947F8C80E09DE1A1
:102980000E945C32F801608171818281938142E012
:102990000E947F8C62E070E080E090E0CF911F9118
:1029A0000F91FF90EF9043CF2FB7F89460913F0FB6
:1029B0007091400F8091410F9091420F2FBF089569
:1029C000CF92DF92EF92FF92CF938091C506815014
:1029D000C0E0823008F05AC01092C506E5DF60936F
:1029E000C1067093C2068093C3069093C406C0903C
:1029F000BD06D090BE06E090BF06F090C0060E94D3
:102A00004D2DAB01BC014093BD065093BE066093B3
:102A1000BF067093C0068091CA069091CB06A09124
:102A2000CC06B091CD068C199D09AE09BF09840F63
:102A3000951FA61FB71F8093CA069093CB06A0933D
:102A4000CC06B093CD068091C8069091C906019638
:102A50009093C9068093C8060E944D2DC090CE0663
:102A6000D090CF06E090D006F090D106C616D706DB
:102A7000E806F90650F40E944D2D6093CE0670933F
:102A8000CF068093D0069093D106C1E00E946F429A
:102A90008C2FCF91FF90EF90DF90CF9008952F92E1
:102AA0003F924F925F926F927F928F929F92AF92DE
:102AB000BF92CF92DF92EF92FF920F931F93CF932B
:102AC000DF93CDB7DEB761970FB6F894DEBF0FBEC8
:102AD000CDBF1C011C861B8685E08987F10182A978
:102AE0008A876B8763E0CE0109960E943C778C87CA
:102AF000F2E0F98B9E01235F3F4F3E872D87F10166
:102B000084A595A5009761F00E945978C1010E94A3
:102B100072791816190674F4C1010E945779F6CF1C
:102B200082A593A5892B91F380A991A9009771F3B0
:102B300094DDECCFF10186A597A5009731F061E017
:102B4000B1DC61E0F10186A596DD8E01075F1F4FC4
:102B5000F80161918F01C1010E943C792D853E856C
:102B600002171307A9F7F10186A597A5009711F0A1
:102B700062E081DD62E070E080E090E058DE14DF2A
:102B80002B013C018985CB84D12CF12CE12CDD2457
:102B9000DA94E82A812C912C540105E010E004DF3E
:102BA000641575058605970531F00150110909F482
:102BB00070C02B013C01C1010E94577997FD0FC0E5
:102BC0007A2D692D582D44274C019924092C000C8D
:102BD000AA08BB08842A952AA62AB72ABB24C814A7
:102BE000D904EA04FB04D9F626013701812C912C83
:102BF0005401DADE6B017C0125E030E0388B2F8751
:102C000010E0D2DE6C157D058E059F0549F0EF853D
:102C1000F8893197F88BEF87EF2BD9F16B017C01A5
:102C2000C1010E945779DC0197FD1CC09201A301EC
:102C3000B401C50108E00E9402B5BB27EB2FEE0FDF
:102C4000EE0B422E4A2A532E5B2A6E2E642A7E2ECB
:102C5000752A8E2E862A9E2E972AAE2EA82ABE2E42
:102C6000B92A1F5F153069F6F10186A597A500976F
:102C700031F061E017DC61E0F10186A5FCDCC10107
:102C80000E9472791816190664F4C1010E945779DE
:102C9000F6CF412C512C612C712C812C912CA12C24
:102CA000B12CF10184A595A5009711F00E944378FD
:102CB00062E070E080E090E0BADDF101178A9201F5
:102CC000A301B401C50108E30E941DB52983920147
:102CD000A301B401C50100E30E941DB52A8392013E
:102CE000A301B401C50108E20E941DB52B83920126
:102CF000A301B401C50100E20E941DB52C8392011D
:102D0000A301B401C50108E10E941DB52D83920104
:102D1000A301B401C50100E10E941DB52E839201FB
:102D2000A301B401C50108E00E941DB52F834886A8
:102D300067E0CE0101960E943C77481202C0411024
:102D400011C081E0F101878BF989F13019F021E0A0
:102D5000298BD5CE412C512C612C712C812C912C9E
:102D6000A12CB12C9201A301B401C50108E00E947D
:102D70001DB5B901CA0161960FB6F894DEBF0FBE4A
:102D8000CDBFDF91CF911F910F91FF90EF90DF901A
:102D9000CF90BF90AF909F908F907F906F905F90FB
:102DA0004F903F902F900895CF93DF93C091B80D2F
:102DB000D091B90D209721F16091B40D7091B50DAE
:102DC0008091B60D9091B70D0E947DB66E5F7F4FDA
:102DD00025976C177D07A4F470930C0560930B0581
:102DE000E3DD6058794687469F4F60930D057093E9
:102DF0000E0580930F0590931005DF91CF910895F4
:102E000010920D0510920E0510920F0510921005EC
:102E1000F4CF1F920F920FB60F9211242F933F936E
:102E20008F939F93AF93BF9380913F0F9091400FEB
:102E3000A091410FB091420F30913E0F23E0230F3C
:102E40002D3758F50196A11DB11D20933E0F80939B
:102E50003F0F9093400FA093410FB093420F80918A
:102E6000430F9091440FA091450FB091460F0196EA
:102E7000A11DB11D8093430F9093440FA093450F64
:102E8000B093460FBF91AF919F918F913F912F913A
:102E90000F900FBE0F901F90189526E8230F0296F3
:102EA000A11DB11DD2CFDC01ED91FC910088F1890B
:102EB000E02D19958F5F08956150DC01ED91FC9133
:102EC0000684F785E02D1994DC01ED91FC910484D2
:102ED000F585E02D1995835008956D5FDC01ED9126
:102EE000FC910284F385E02D1994DC01ED91FC91B5
:102EF0000084F185E02D1995611571058105910515
:102F000039F06F3F7F4F8F4F9F4F21F080E0089542
:102F100082E0089581E00895CF92DF92EF92FF92D0
:102F20001F93CF93DF93EC0190E080E00E9494B078
:102F300025ED34E045E352E40E94F5B020E030E0B6
:102F40004AE754E40E9415B66B017C012AE037ED94
:102F500043EA5CE369857A858B859C850E9439B557
:102F6000A70196010E94F5B026E636E646EA5EE342
:102F70000E9415B620E030E040E85FE30E9438B5DB
:102F80000E9482B6162FE881F9810480F581E02D38
:102F9000603108F060C061E0CE0119952AE037ED9C
:102FA00043EA5CE369857A858B859C850E9439B507
:102FB000A70196010E94F5B02CEE31E548E35EE3EF
:102FC0000E9415B620E030E040E85FE30E9438B58B
:102FD0000E9482B6162F103208F01FE1912F9F71C8
:102FE0008B81807E892B8B832A81382F8C81482F7F
:102FF0004F7050E0E881F9810190F081E02D60E1AF
:10300000CE011995612F70E090E080E00E9496B0AB
:103010002D853E854F8558890E94F5B00E9482B665
:10302000862F8F716A81607E682B6A83262F3B8191
:103030008C81482F4F7050E0E881F9810190F08138
:10304000E02D60E1CE01DF91CF911F91FF90EF90D5
:10305000DF90CF90199460E0CE011995BCCFCF934B
:10306000DF93EC012A813B818C81482F4F7050E027
:10307000E881F9810190F081E02D60E1CE011995A0
:103080006D81CE010E942D792E813F818885482F48
:103090004F7050E0E881F9810190F081E02D63E10B
:1030A000CE011995488D898D582F537070E060E0DE
:1030B000CE010E949D792A8D8B8D382F3F7022275B
:1030C0003F702A8F932F9F70807F892B8B8F50E0CA
:1030D00040E0E881F9810190F081E02D63E0CE01CC
:1030E00019952E8D3F8D48A159A1E881F981019054
:1030F000F081E02D62E2CE0119954AA15BA16CA19D
:103100007DA1CE010E946F7A4EA15FA168A579A52D
:10311000CE010E948D792BA93CA98DA9482F4F7013
:1031200050E0E881F9810190F081E02D64E1CE0169
:1031300019952EA930E050E040E0E881F981019036
:10314000F081E02D60E4CE0119952FA938AD50E053
:1031500040E0E881F9810190F081E02D62E4CE0148
:10316000DF91CF911994DC01ED91FC910280F38104
:10317000E02D60E0199562FB882780F90895DC0155
:1031800058964C91589760FB42F958964C93589733
:10319000242F59964C915997342F337050E040E0CA
:1031A000ED91FC910190F081E02D60E019940E9476
:1031B000497A862F8F700895262F2F70DC01929602
:1031C0006C919297607F622B92966C9392979296F5
:1031D0002D913D914D915C919597ED91FC910190D0
:1031E000F081E02D6CE61994682F70E090E080E0AB
:1031F0000C94FB8B1F93CF93DF9300D000D01F92D2
:103200001F92CDB7DEB7182F6091B80D7091B90D30
:10321000072E000C880B990B0E9496B06D837E835D
:103220008F8398878091B40D9091B50DA091B60DC4
:10323000B091B70D89839A83AB83BC83AE014B5F9A
:103240005F4FBE016F5F7F4F80E87CDB60910805B8
:1032500070910905072E000C880B990B0E9496B0FF
:103260006D837E838F8398878091040590910505F7
:10327000A0910605B091070589839A83AB83BC832F
:10328000AE014B5F5F4FBE016F5F7F4F8FEF5ADB29
:1032900060910A051F3F39F08CE21802F0011124F9
:1032A000E055F24F628570E088E09DE10E94513D5B
:1032B00060910A0570E083E09DE10E94513D2896EF
:1032C0000FB6F894DEBF0FBECDBFDF91CF911F9137
:1032D0000895BF92CF92DF92EF92FF920F931F93C8
:1032E000CF93DF9380913C028F3708F4FDC08F5756
:1032F0009091BA0D9093F70E992309F4F3C02C9A8C
:1033000020910A052093F60E9091020121119095CB
:103310009072909300018F5F80933C028091F50E34
:1033200091E089278093F50E80913B02980F8530BC
:103330000CF090E0823009F432C10CF0E2C0882336
:1033400009F4F7C0813009F41EC190933B02F12CBF
:10335000E12C8E2D8701000F111FF801E750FB4F64
:10336000C080D180C114D10409F43DC0F8948230EA
:1033700009F02CC0809109018270B82E82E00E9471
:103380002B20000080910B011C141D040CF480956F
:10339000827080930901000080910B0180958870F4
:1033A0008093090100C000008EE090E00197F0F7E3
:1033B00080910B01887080930901000080910B01BE
:1033C000B110809582708093090100007894F80113
:1033D000E750FB4F808191811C141D040CF00EC13D
:1033E0000197918380838FEFE81AF80A83E0E8164B
:1033F000F10409F0AECF8091FF04882309F45BC08B
:10340000809139028E5F8F7780933902811153C08A
:103410008CB185FB882780F9C82F80E0D82F809158
:10342000030180FDC2604A99C4606399C86000913D
:10343000F20E1091F30E0C171D07E9F10C2700FF97
:1034400006C06C2F617087EF9CE10E94693201FF1A
:1034500008C0BE017695679561708EEE9CE10E9472
:10346000693202FF0AC0BE01769567957695679529
:10347000617085EE9CE10E94693203FF0BC0BE01C2
:1034800083E0769567958A95E1F7617086ED9CE11A
:103490000E94693283ED9CE10E945C321091F10E32
:1034A000612F70E08DE02CD810951093F10ED09321
:1034B000F30EC093F20E0E9420258091FF0690919A
:1034C0000007009729F00197909300078093FF066B
:1034D000DF91CF911F910F91FF90EF90DF90CF90F0
:1034E000BF9008952C980CCF9091F70E891708F093
:1034F0002C989091F60E891708F40DCF9091020147
:1035000007CF843009F463C00CF45CC0853009F047
:103510001CCF2091F40E211102C08093F40E8091F3
:10352000F40E81508093F40E882309F40ECF95E0B9
:103530000CCF80913A028F5F80311CF480933A0265
:1035400004CF10923A028091F804811113C02091A7
:10355000B00D3091B10D3093B30D2093B20D209189
:10356000000530910105309303052093020581E0A9
:103570008093F8041092B10D1092B00D10920105D5
:1035800010920005E2CE88E080937B0087E4809370
:103590007C0080917A00806480937A00D6CE8091FE
:1035A0007A0086FD27C040917800509179002091E3
:1035B000B00D3091B10D240F351F3093B10D209314
:1035C000B00DC3CE88E080937B0086E4E0CF80918D
:1035D0007A0086FD11C040917800509179002091C9
:1035E000000530910105240F351F3093010520930C
:1035F0000005ABCE92E0A9CE94E0A7CE0196F1CE25
:103600000F930FB70F9300916E000D7F00936E0024
:1036100078940F930BB70F930CB70F921F922F93C1
:103620003F934F935F936F937F938F939F93AF934A
:10363000BF93EF93FF9311244CDEFF91EF91BF9165
:10364000AF919F918F917F916F915F914F913F913A
:103650002F911F900F900CBF0F910BBF0F91026025
:10366000F89400936E000F910FBF0F911895209161
:10367000B80D3091B90D263531053CF4209108057F
:10368000309109052630310524F0882321F00C946F
:103690009A2D611195C90895CF93DF931092F70485
:1036A000C0EBDDE0198618867FDB1A862C98C0E017
:1036B000D5E0198618860E94D02D1A8680910201C5
:1036C000807280930001DF91CF910895EC01162F55
:1036D000E3DF209729F00E948936CE010E94C14283
:1036E0000E94EA3488EF9AE20E945C3289EE93E00D
:1036F000019739F000C00000EEE5F9E03197F0F7EE
:10370000F7CFF89489EE93E0019739F000C00000FC
:10371000E6EEF3E03197F0F7F7CFBEDF112321F0AB
:103720000E941A20A895FECF0E941220FBCF4F9234
:103730005F926F927F928F929F92AF92BF92FF9211
:103740000F931F93CF93DF93CDB7DEB7A0970FB63C
:10375000F894DEBF0FBECDBFF82E4A015B012801F1
:10376000390120E030E0A901C301B8010E9490B006
:10377000811111C0FF2019F081E0F81295C060E0BE
:1037800070E88BE395E420E030E040E752E40E94EB
:1037900015B62B013C014D8E5E8E6F8E78A20F2DDB
:1037A00010E0F801EE51F84DE491772473941E1661
:1037B0000CF4712CFF24F39420E030E0A901C50142
:1037C000B4010E945FB718160CF0F12C80E00E9443
:1037D000D82269837A838B839C8381E00E94D822DC
:1037E0006D837E838F83988782E00E94D8226987C9
:1037F0007A878B879C8783E00E94D8226D877E879B
:103800008F87988B000F111F000F111FE1E0F0E070
:10381000EC0FFD1F0E0F1F1FF80110821182128284
:103820001382CE0101960E94A649F80180829182FE
:10383000A282B382198A1A8A1B8A1C8A1D8A1E8A4E
:103840001F8A188E198E1A8E1B8E1C8E8091FF0671
:1038500090910007892B51F4AE014F5E5F4FBE017E
:10386000635E7F4FCE0101960E94B57B0E945F4947
:103870007F1431F080919F068823D9F010929F0623
:10388000A0960FB6F894DEBF0FBECDBFDF91CF91EB
:103890001F910F91FF90BF90AF909F908F907F905E
:1038A0006F905F904F90089560E070E086E194E43F
:1038B0006ACF60E084ED97E209DFCF92DF92EF926A
:1038C000FF921F93CF93DF93CDB7DEB72C970FB640
:1038D000F894DEBF0FBECDBF182F6B017A01809127
:1038E0001605833090F00E94EA34C6010E945C32D3
:1038F00089EC9BE10E945C321F3F61F585EC9BE106
:103900000E945C328AE00E942031C6DEA895809138
:10391000E10E811130C081E08093E10E82E080935E
:103920001605BADE0E94A88D811111C08CE0E6E078
:10393000F3E0DE01119601900D928A95E1F7BE0148
:103940006F5F7F4F80E00E94304C0E945F4960E0D3
:10395000C701BCDE17FDD6CF83EC9BE10E945C3231
:10396000612F110F770B880B990B0E94658C8AE0F1
:103970000E942031C7CF2C960FB6F894DEBF0FBE41
:10398000CDBFDF91CF911F91FF90EF90DF90CF904F
:1039900008953F924F925F926F927F928F929F9283
:1039A000AF92BF92CF92DF92EF92FF920F931F934D
:1039B000CF93DF93EC015B014A01322EFA01408084
:1039C000518062807380A30192016D817E818F811D
:1039D00098850E9490B08823A1F04D825E826F820C
:1039E00078867724739420E030E0A901F4016081A7
:1039F0007181828193810E945FB718160CF0712C3F
:103A00007C828C818230A1F0833009F455C08130F2
:103A1000A9F52D813E814F815885F5016081718125
:103A2000828193810E9490B087FD28C082E08C83C0
:103A3000F50120813181428153816D817E818F81A9
:103A400098850E9438B52B013C010E94D4944B010B
:103A50005C01A7019601C301B2010E9490B0181643
:103A6000FCF09801A8EEB3E00E94B2B4860E971E57
:103A7000A81EB91E88829982AA82BB82DF91CF914B
:103A80001F910F91FF90EF90DF90CF90BF90AF907C
:103A90009F908F907F906F905F904F903F90089590
:103AA00088819981AA81BB81881A990AAA0ABB0ACE
:103AB000B7FCE4CF83E08C8343EB5CE163EC7CE117
:103AC000832DDF91CF911F910F91FF90EF90DF90A9
:103AD000CF90BF90AF909F908F907F906F905F90AE
:103AE0004F903F90EACE47EE5BE164EF7BE1E5CE9D
:103AF000CF93DF93A8958091B20D9091B30D0E9462
:103B0000237B6093B40D7093B50D8093B60D9093A5
:103B1000B70D80910205909103050E947F7A609312
:103B20000405709305058093060590930705C091E1
:103B3000B20DD091B30D8091410290914202C8170D
:103B4000D90710F480E0CFDF8091B80D9091B90DC6
:103B5000181619066CF480913F02909140028C1760
:103B60009D0730F444E95CE161EA7CE180E0A5DE98
:103B70002091F90E3091FA0E809102059091030583
:103B80008217930710F48FEFAEDF809108059091B4
:103B90000905181619069CF420913D0230913E0249
:103BA00080910205909103052817390740F444E9F4
:103BB0005CE161EA7CE18FEFDF91CF917ECEDF9116
:103BC000CF9108952F923F924F925F926F927F9282
:103BD0008F929F92AF92BF92CF92DF92EF92FF921D
:103BE0000F931F93CF93DF93CDB7DEB762970FB6D6
:103BF000F894DEBF0FBECDBF8091160581111AC0AB
:103C0000A89562960FB6F894DEBF0FBECDBFDF91C8
:103C1000CF911F910F91FF90EF90DF90CF90BF90C9
:103C2000AF909F908F907F906F905F904F903F905C
:103C30002F9008958091F00E8111E3CF81E0809361
:103C4000F00E8091F804811103C01092F00ED9CFCC
:103C50004FDF1092F8040E94D4946D837E838F838B
:103C600098876091450270914602072E000C880BE0
:103C7000990B0E9496B09B01AC016091B40D7091BC
:103C8000B50D8091B60D9091B70D0E945FB71816D3
:103C900014F480E028DF6091B80D7091B90D072E03
:103CA000000C880B990B0E9496B069837A838B83F2
:103CB0009C83C12CD12C30E2E32E32E4F32E04EFAE
:103CC00011E020E0AE014F5F5F4F64EB7DE08CE9D7
:103CD0009FE05FDE2091B40D3091B50D4091B60D9F
:103CE0005091B70D29873A874B875C8760914302D3
:103CF00070914402072E000C880B990B0E9496B01D
:103D00009B01AC0169857A858B859C850E945FB794
:103D100018160CF018C26091450270914602072EE9
:103D2000000C880B990B0E9496B09B01AC01698531
:103D30007A858B859C850E9490B087FF04C2809114
:103D4000E80E811109C080EB9DE09093E70E80930F
:103D5000E60E81E08093E80E0091E60E1091E70EEA
:103D6000D80118966D917C91072E000C880B990B49
:103D70000E9496B06B017C0120E030E0A9010E9416
:103D800090B08823C9F0D80114962D913D914D91A2
:103D90005C9117972D873E874F87588BC701B601D7
:103DA0000E9438B54B015C0120E030E040E251EC6C
:103DB0000E9490B087FF07C081E0F8018387C12C83
:103DC000D12C7601D5C020E030E040E251E4C501BD
:103DD000B4010E945FB718165CF481E0D8011B960D
:103DE0008C93C12CD12C2FE7E22E23E4F22EC0C0FD
:103DF000F8018385882349F0138614861586168674
:103E00001786148E158E168E178ED8019496CD9027
:103E1000DD90ED90FC9097971C962D913D914D91E2
:103E20005C911F97C501B4010E9439B5762E672EAB
:103E3000582E492E20E030E0A9010E9490B087FD65
:103E40007DC1A701960160E070E08FE793E40E94D6
:103E500015B6698B7A8B382E292E272D362D452DB8
:103E6000542D0E9490B087FF03C079886A88210191
:103E7000872D962DA52DB42DF80184879587A687CB
:103E8000B78720A131A142A153A1C501B4010E946D
:103E9000F5B04B015C01D80154968D929D92AD9284
:103EA000BC925797272D362D452D542DC701B601AD
:103EB0000E94F5B02B013C01F801408E518E628EBC
:103EC000738EC48CD58CE68CF78C2D853E854F8502
:103ED000588960897189828993890E9438B5D8018F
:103EE00098962D913D914D915C919B970E94F5B0D4
:103EF000A70196010E9438B520ED3CEC4CE45DE34F
:103F00000E94F5B0A70196010E9439B56B017C01B2
:103F1000F801C48ED58EE68EF78E2D853E854F85B1
:103F20005889208B318B428B538BA3019201C501A1
:103F3000B4010E9439B5A70196010E9439B520E06D
:103F400030E0A9010E9439B56B017C0120E030E02E
:103F5000A9010E9490B087FD32CF20E030E04FE70A
:103F600053E4C701B6010E945FB718160CF439CFAD
:103F7000C701B6010E947DB6759567956093BA0D2D
:103F800080910D0590910E05A0910F05B09110053F
:103F90000097A105B105E1F02D813E814F81588543
:103FA000281B390B4A0B5B0BDA01C901B7FD10C0A6
:103FB00069857A858B859C850E947DB620910B054D
:103FC00030910C05621773070CF4BFC00E94D496A1
:103FD00020E030E046E153E460910405709105056E
:103FE00080910605909107050E945FB7181614F49A
:103FF0008FEF79DD8091F3049091F404A091F504A2
:10400000B091F6040097A105B10501F12D813E8123
:104010004F815885281B390B4A0B5B0BDA01C9010C
:10402000B7FD14C0609104057091050580910605E7
:10403000909107050E947DB62091F1043091F20421
:10404000621773070CF488C00E94D02D8091E20E95
:104050009091E30EA091E40EB091E50E2D813E818A
:104060004F815885281B390B4A0B5B0BDA01C901BC
:10407000B7FDEBCD8D819E81AF81B88588579C4E71
:10408000AF4FBF4F8093E20E9093E30EA093E40EE8
:10409000B093E50E6091080570910905072E000C9C
:1040A000880B990B0E9496B069837A838B839C83DB
:1040B000C12CD12C80E7E82E81E4F82E08E210E034
:1040C0002FEFAE014F5F5F4F64E075E085EA9FE040
:1040D00060DCC0900405D0900505E0900605F090E6
:1040E000070520E030E040EA50E4C701B6010E9435
:1040F0005FB787FD3AC020E030E046E153E4C701F6
:10410000B6010E9490B0181684F160910805709174
:104110000905072E000C880B990B0E9496B0A70189
:1041200096010E9438B520E030E0A9010E945FB7F7
:104130001816CCF48FE780930A0587CD712C612C7B
:10414000512C412C95CE60E019CF46E05CE165E151
:104150007CE180E0B2DB3CCF46E05CE165E17CE104
:104160008FEFABDB73CF80E0E6CF10920A05809132
:10417000020180728093000168CDCF92DF92EF92AE
:10418000FF920F931F93CF93DF9344EC50E070E0C6
:1041900060E080E99EE00E949D7900E91EE0F80160
:1041A00013AE44E852E860E070E1C8010E946F7A03
:1041B000C0EBD4E0F801D2AFC1AFC12CD12CE12CBF
:1041C0008FE3F82EC586D686E786F08A60EB74E02A
:1041D000C8010E948C9764E0C8010E94BC79C801A4
:1041E0000E94217760E8C8010E942D7944E25EE0D8
:1041F0006DE078ECC8010E948D79C8010E941577A6
:1042000068EC70E080E090E00E94179444EC50E08D
:1042100070E060E084E59EE00E949D7904E51EE088
:10422000F80113AE44E852E860E070E1C8010E9472
:104230006F7AF801D2AFC1AFC586D686E786F08A1D
:1042400060EB74E0C8010E948C9764E0C8010E9492
:10425000BC79C8010E94217760E8C8010E942D79CD
:1042600044E25EE06DE078ECC8010E948D79C801FF
:104270000E94157768EC70E080E090E00E9417944F
:1042800044EC50E070E060E088E19EE00E949D799F
:10429000C8E1DEE01BAE44E852E860E070E1CE0128
:1042A0000E946F7A8CED95E09AAF89AFCD86DE865D
:1042B000EF86F88A6CED75E0CE010E948C9765E080
:1042C000CE010E94BC79CE010E94217760E8CE0128
:1042D0000E942D7944E25EE06DE078ECCE010E9410
:1042E0008D79CE010E94157768EC70E080E090E057
:1042F0000E94179444EC50E070E060E08CED9DE08B
:104300000E949D79CCEDDDE01BAE44E852E860E010
:1043100070E1CE010E946F7A88EE93E09AAF89AF88
:10432000CD86DE86EF86F88A68EE73E0CE010E94C5
:104330008C9764E0CE010E94BC79CE010E94217767
:1043400060E8CE010E942D7944E25EE06DE078ECF9
:10435000CE010E948D79CE010E94157768EC70E045
:1043600080E090E00E941794DF91CF911F910F9110
:10437000FF90EF90DF90CF900C94DA1FCF92DF92F6
:10438000EF92FF92CF93DF93EC01C880D980EA804F
:10439000FB8089EB9BE10E945C32C701B6010E9461
:1043A000062ECC80DD80EE80FF8086EB9BE10E94B4
:1043B0005C32C701B6010E94062EC884D984EA8403
:1043C000FB8480EE9AE20E945C32C701B6010E9433
:1043D000062E8AE0DF91CF91FF90EF90DF90CF9093
:1043E0000C9420310F931F93CF93DF93C82F0E941B
:1043F000C522D82F6091E1047091E2048091E3041A
:104400009091E4040091E5041091E6042091E70402
:104410003091E804C13019F5601B710B820B930BCE
:104420000E9496B020E030E040E05FE30E94F5B0EB
:104430000E947DB624E0C29FF0011124EB52FB4F95
:10444000608371838283938381E08093D404DD232E
:1044500059F0DF91CF911F910F910C94D222600FF0
:10446000711F821F931FDCCFDF91CF911F910F919E
:1044700008958F929F92AF92BF92CF92DF92EF9268
:10448000FF920F931F93DC011896CD90DD90ED9075
:10449000FC901B974D915D916D917C9113971496B3
:1044A0000D911D912D913C911797E1EEF4E04A0199
:1044B0005B01800E911EA21EB31E80829182A28299
:1044C000B382401B510B620B730B4483558366838D
:1044D0007783C086D186E286F3861C968D919D9166
:1044E0000D90BC91A02D84879587A687B7871F91D3
:1044F0000F91FF90EF90DF90CF90BF90AF909F9083
:104500008F9008952F923F924F925F926F927F9279
:104510008F929F92AF92BF92CF92DF92EF92FF92D3
:104520000F931F93CF93DF93CDB7DEB7AC970FB642
:10453000F894DEBF0FBECDBF782E6BA76A018AEC60
:10454000682E670C2FE0261508F44AC06AA6B12C25
:10455000A12C19A6512C072D072C000C110BCE01F4
:1045600001964C0192EC970D9CA7F501E857F74D89
:104570004490E42CF12CE016F10609F0A8C051108B
:1045800062C0C114D10419F0C6010E945C3280E8F7
:1045900098E20E945C321F924F928BE798E29F93C1
:1045A0008F939F928F920E9461B0C4010E94273125
:1045B000872D0E9426330F900F900F900F900F9031
:1045C0000F9087E0861578F49CA5983028F486E350
:1045D000E81AF10867FE0AC088E00E94533219C049
:1045E0008FEF8AA7B4CF26E3E21AF108FF92EF9289
:1045F00081E798E29F938F939F928F920E9461B080
:10460000C4010E9427310F900F900F900F900F90D0
:104610000F90F501EA57F74D25903490F12CE12CDD
:10462000F701E20DF31D449041101AC087E290E0BB
:104630008E199F097C014E141F04E4F480E20E944D
:1046400020314394F8CF8EE20E9420318AE1C114D8
:10465000D10409F4C2CFC6010E9417B0865EBDCF57
:10466000842D0E9420319FEFE91AF90A27E2E21611
:10467000F104B1F6872D0E948F2F882319F08BA5A6
:104680008823D9F0F501E757F74DE491EE2309F4BB
:1046900059C0872D0E94762F811176C08DE498E253
:1046A0000E945C32872D0E94582F21E0892B09F44B
:1046B00020E0822F0E941E3360C086E698E20E94AE
:1046C0005C328AE00E94203159A65524539424E09C
:1046D000A20EB11C88E5A81681E0B80609F045CF06
:1046E000511097C0C114D10419F0C6010E945C3268
:1046F0008FE398E20E945C321F930F938AE398E263
:104700009F938F93CE0101967C019F938F930E947C
:1047100061B0C7010E942731872D0E9426330F9078
:104720000F900F900F900F900F9097E09615A0F5B7
:1047300082EC870D883010F467FE2EC088E00E945E
:1047400053323FC08AA50E94EB78092E000CAA0BB9
:10475000BB0BBF93AF939F938F9385E598E29F9395
:104760008F939F928F920E9461B0C4010E94273163
:104770000FB6F894DEBF0FBECDBF99A59111A1CFA2
:10478000872D0E947F3E9DCF872D0E94323181115F
:10479000F4CF85E498E284CF065311091F930F9359
:1047A00080E398E29F938F93FF92EF920E9461B013
:1047B000C7010E9427310F900F900F900F900F901C
:1047C0000F908FE198E20E945C32872D0E94323177
:1047D000811116C0872D0E94762F882399F187E1D9
:1047E0000E94533285E498E20E945C32872D0E9439
:1047F000582F21E0892B09F420E0822F0E941E33DC
:1048000087E10E945332872D0E947F3E8AE00E94FA
:104810002031AC960FB6F894DEBF0FBECDBFDF914E
:10482000CF911F910F91FF90EF90DF90CF90BF90AD
:10483000AF909F908F907F906F905F904F903F9040
:104840002F9008952FE0261510F1862D0E94EB7809
:10485000092E000CAA0BBB0BBF93AF939F938F93B2
:104860008BE098E29F938F93FF92EF920E9461B04A
:10487000C7010E94273187E098E20E945C320FB6A0
:10488000F894DEBF0FBECDBF8DE498E2ADCF87E1D7
:104890000E945332F9CFCF93DF930E948936C091A3
:1048A000BB06D091BC0681EE99E20E945C32CE013B
:1048B0000E9427318EED99E2DF91CF910C945C320A
:1048C000E0EBFDE081E08387148615861686178667
:1048D000108A118A128A138A148A158A168A178AEC
:1048E000108E118E128E138E148E158E168E178EBC
:1048F00010A211A212A213A214A215A216A217A20C
:1049000010A611A612A613A6ECE9FFE010821182F0
:1049100012821382148211861286138614861586DB
:1049200048E250E06FE370E080E99EE086D0E3EC7F
:10493000FEE0108211828281807F8283E0E9FEE0C6
:1049400016AA10AE17AA12AE11AE13AE8CE293E007
:10495000918380834BE350E060E470E084E59EE067
:104960006CD0E7E8FEE0108211828281807F828332
:10497000E4E5FEE016AA10AE17AA12AE11AE13AE11
:104980008CE293E0918380834AE250E061E470E03E
:1049900088E19EE052D0EBE4FEE010821182828139
:1049A000807F8283E8E1FEE016AA10AE17AA12AE5D
:1049B00011AE13AE8CE293E0918380834CE250E021
:1049C00062E470E08CED9DE038D0EFE0FEE0108214
:1049D00011828281807F8283ECEDFDE016AA10AE09
:1049E00017AA12AE11AE13AE8CE293E091838083CE
:1049F000E1EDFEE014861586168617861086118670
:104A000012861386148215821682178210821182F2
:104A1000128213821092AE0F1092AF0F1092B00F4D
:104A20001092B10F1092D00E1092CF0E1092CE0EA7
:104A30001092CD0E1092CC0E0895CF92DF92EF928D
:104A4000FF920F931F93CF93DF93EC018B016A01C9
:104A50001A821B828C81807F8C831D821E821F8222
:104A60008885807F88878EEA97E4A1EEBDE38987F9
:104A70009A87AB87BC8740E050E060E07FE34D87DA
:104A80005E876F87788B2CE233E0398328831A8A1C
:104A9000198A8B8B9C8BAD8BBE8B1F8A188E898D50
:104AA0008C7F898F1A8E8B8D807F8B8F1D8E1C8EB5
:104AB0001E8E1F8E18A219A21AA21BA21CA21DA232
:104AC0001EA21FA218A619A61BA61AA61DA61CA6E2
:104AD0001FA61EA619AA18AA1AAA8FE190E0E6D569
:104AE0007C01DC0113961C921E92129788EE93E0D3
:104AF000A0E0B0E0F70184839583A683B78386E1C5
:104B000093E091838083178A168A118E108E138EFC
:104B1000128E158E148E668D6E7F6D7F668F6695F4
:104B2000617081E068278C2D0E94529261E08C2D8B
:104B30000E943B93F601E259F04EE491D701509662
:104B4000EC93F601E85DF04EE491F0E0EE0FFF1F0C
:104B5000E25FF04E85919491F701928B818B60E03A
:104B6000802F0E943B93D7015E968C9181FD04C0FB
:104B700061E0802F0E945292F7010487F801E25908
:104B8000F04EE491D7011D96EC93F801E85DF04EEC
:104B9000E491F0E0EE0FFF1FEC50F14E85919491FF
:104BA000F70197878687FDA6ECA6888D81608D7FAB
:104BB0008B7F888F898D8160898F8C81807F8160D8
:104BC0008C8384E18D8383E590E0A0E0B0E18AA34B
:104BD0009BA3ACA3BDA384E290E0ADE0B1EC8EA3B7
:104BE0009FA3A8A7B9A7DF91CF911F910F91FF9025
:104BF000EF90DF90CF900895CF93DF93CDB7DEB7DE
:104C0000EB970FB6F894DEBF0FBECDBF789484B596
:104C1000826084BD84B5816084BD85B5826085BDB8
:104C200085B5816085BD80916E00816080936E0046
:104C30001092810080918100826080938100809138
:104C400081008160809381008091800081608093E9
:104C500080008091B10084608093B1008091B000A9
:104C600081608093B0008091910082608093910078
:104C7000809191008160809391008091900081608B
:104C8000809390008091A10082608093A100809128
:104C9000A10081608093A1008091A0008160809339
:104CA000A0008091210182608093210180912101E7
:104CB0008160809321018091200181608093200197
:104CC00080917A00846080937A0080917A0082607B
:104CD00080937A0080917A00816080937A0080913D
:104CE0007A00806880937A001092C100E090B80F3B
:104CF00014BE1092C0008091C00082608093C000FA
:104D00001092C50080E18093C4008091C100806151
:104D10008093C1008091C10088608093C100809120
:104D2000C10080688093C1000E94D4944B015C0153
:104D300028EE820E23E0921EA11CB11C8FEA9DE09A
:104D40000E949D2F882309F49FC08EE69EE10E9459
:104D50005C328091F4029091F502A091F602B0913C
:104D6000F70289A39AA3ABA3BCA3CE0181969BAB08
:104D70008AABFE01B596FEA3EDA3812C14E2912E21
:104D800014EFA12EB12CEAA9FBA96191FBABEAAB10
:104D9000CE0101960E949F2F8A89811115C18989B0
:104DA000882309F411C1FF85FCA7CC24CA94D12C17
:104DB000F23019F0CC24CA94DC2C29813A813DAB25
:104DC0002CAB8B819C819BA78AA78EE0E8EFF2E059
:104DD000DE01539601900D928A95E1F7960150E01D
:104DE00040E0FBE0220F331F441F551FFA95D1F717
:104DF000C501B4010E946AB419019FEF291A390A4A
:104E0000ACA5A23009F049C0E1E0E8AFF3E0F9AFAA
:104E1000CE0143969FAB8EAB11E091E099A719AA02
:104E2000EFEFF0E0F8A7EFA3EEA9FFA96190719072
:104E3000FFABEEABC301B0E0A0E0FCA5F23091F116
:104E400080329105A105B10509F48EC08038910525
:104E5000A105B10509F488C09301A8EEB3E00E9452
:104E6000B2B49B01AC01C501B4010E946AB429012E
:104E700081E0481A51083695279541145104A1F450
:104E800044244394512C14C00E94D4946819790985
:104E90008A099B0997FDF8CF58CF2AE028AF3EE05A
:104EA00039AFB6CF96012601C414D50408F4260103
:104EB000FF24F39400E02115310539F0FC2C0D2D71
:104EC0002C153D0510F4F22E032F92012F5F3F4F5A
:104ED000D3010E94B2B49B01AC01C501B4010E9490
:104EE0006AB42DA73EA74FA758ABEDA5FEA5FBAF13
:104EF000EAAF9301AF2DB02F0E94B2B49B01AC0179
:104F0000220F331F441F551FC501B4010E946AB40C
:104F1000B901F9EE2F16F3E03F0608F488C1F1015C
:104F200088EE93E0E81BF90B8AAD9BAD893E934078
:104F300008F481C1ADA5BEA588EE93E0A81BB90B0E
:104F4000693E734008F47CC1C90168EE73E0861BBA
:104F5000970BAE17BF0720F48A179B0708F074C1A0
:104F60008E179F0708F478C11F5F183009F05CCFD7
:104F7000ECA9FDA980818C7F99A59370892B8083F2
:104F8000EAA5FBA52081F9A58F2F90E0959587953F
:104F90009595879543E0880F991F4A95E1F7277EFD
:104FA000822BEAA5FBA580838081887FF9A98F2BBE
:104FB000EAA5FBA58083FCA5F23031F0ED85FE85E6
:104FC0002FA138A5318320838DA19EA1EAA9FBA939
:104FD0008E179F0709F0D7CE80E99EE00E94779355
:104FE00084E59EE00E94779388E19EE00E9477939B
:104FF0008CED9DE00E947793E0FE04C085E69EE183
:105000000E945C32E1FE04C084E59EE10E945C32B5
:10501000E2FE04C082E49EE10E945C32E3FE04C032
:1050200081E39EE10E945C32E5FE04C080E29EE1E5
:105030000E945C3280E19EE10E945C320E948936CF
:105040008AEC9DE10E945C320E94893682EB9DE1F0
:105050000E945C320E9489368091B20F9091B30F0A
:105060009E012F5F3F4F5901009709F0FCC0C90115
:10507000885B9F409A83898369817A8183EA9DE175
:105080000E94513D60E775E08CE89DE10E94BD42C1
:105090008091F80E811107C00E94B152882319F047
:1050A00081E08093F80E2091AE063091AF064091DA
:1050B000B0065091B10660914F02709150028091FC
:1050C0005102909152020E9439B560934F02709341
:1050D000500280935102909352022091B206309177
:1050E000B3064091B4065091B50660915302709199
:1050F000540280915502909156020E9439B56093F6
:10510000530270935402809355029093560220915B
:10511000B6063091B7064091B8065091B906609135
:105120005702709158028091590290915A020E9440
:1051300039B5609357027093580280935902909347
:105140005A020E941E25249A2C98809101018061A8
:105150008093010180910201807180930001809110
:105160000A01846080930A0180910B01847080930E
:10517000090180910A01806180930A0180910B01ED
:105180008071809309018091010180628093010107
:1051900080910201807280930001809101018064FE
:1051A0008093010187ED80937A0010927E00109227
:1051B0007D0080917D00806880937D0080917D00DE
:1051C000806480937D0080E887BD80916E0082605E
:1051D00080936E00EAE8FDE1C590D490F5E0CF162B
:1051E000D1041CF425E0C22ED12CD0924402C092EE
:1051F00043020D2C000CEE08FF0800913F021091B5
:105200004002C8010E94237B2B013C01C701B6016B
:105210008DD79B01AC01C301B20182D787FF28C0A3
:10522000005111091093400200933F02E6CFC101E3
:10523000E8EEF3E077CE8DA59EA5A8EEB3E07ECE96
:10524000B90188EE93E083CE2DA43EA499AD99A731
:1052500019AB58A64FA288CE1901A8ADA9A719ABC2
:10526000FFA208A781CEF901E81BF90BCF0102CFFD
:10527000EEE0FDE1C590D49021E0C21AD10834E1FE
:10528000C31631E0D30624F093E1C92EDD24D39474
:10529000D0924602C09245020D2C000CEE08FF0889
:1052A0000091410210914202C8010E94237B2B0110
:1052B0003C01C701B6013AD79B01AC01C301B20161
:1052C0000E945FB718163CF4005F1F4F1093420214
:1052D00000934102E5CF00913D0210913E02C801CA
:1052E0000E947F7A20E030E040EA50E419D787FF3F
:1052F00007C00051110910933E0200933D02EBCF0D
:105300000091F90E1091FA0EC8010E947F7A20E0F8
:1053100030E046E153E40E945FB718163CF4005FAA
:105320001F4F1093FA0E0093F90EEACF0E947F2DC3
:1053300019A282E390E09C8B8B8B1A82198201E088
:10534000950141E050E0BE016F5D7F4FCE01439675
:105350000E94623089A1863109F4DBC00E9490422C
:1053600081E0809312056D98759A809104018E7F7B
:1053700080930401809105018095817080930301E1
:1053800052985A9A6B98739A1092140510921305BA
:105390000E943E2D819A879A80910A0182608093B3
:1053A0000A010E9A579A5F9A829A8A9A8091070107
:1053B00081608093070180910801809581708093BE
:1053C00006010A9A129A809A88985F9A8091A0069C
:1053D0008E7F8093A006869A8E988A9A8091A006E6
:1053E0008D7F8093A00680910A01886080930A01D6
:1053F00080910B018870809309018091080180954C
:105400008170809306018091A0068B7F8093A00617
:105410000C9A1498129A809180008C7F809380005F
:1054200080918100877E88608093810080918000D8
:105430008F738093800080918100887F8260809349
:10544000810080E090E4909389008093880010921E
:105450008500109284000E94D222789413E0109369
:1054600015050E94DA1F1092A1060E943E2D88E1C8
:1054700098E20FB6F894A895809360000FBE9093C1
:10548000600021E041E061E081E00E94314410933E
:10549000160581E6F82E80E00E94E144CDB6DEB626
:1054A0006091FB0E7091FC0E10E000E0611571053B
:1054B00009F041C08091FD0EEDEFFEE08111C6C004
:1054C00080911705882309F473C0009118050F9D7A
:1054D00080011124065E1A4F8091710C80FF05C077
:1054E0000E948936C8010E944E32C8010E94082ECF
:1054F00080E00E94DF5D809118058F5F843008F0A6
:10550000D2C08093180580911705815080931705AC
:105510004FC083E390E09C8B8B8B1A82198201E051
:10552000950140E150E066EC76E0CE0143960E94A2
:10553000623016CF8401FB01E00FF11FE4904801B7
:105540008FEF881A980AEE2019F09AE0E912F2CF4C
:10555000EDB7FEB7E819F9090FB6F894FEBF0FBE14
:10556000EDBF2DB73EB72F5F3F4F5901A801C901CD
:105570004AD5F501E00FF11F108290E080E0EE20A7
:1055800031F08091FB0E9091FC0E880D991D909347
:10559000FC0E8093FB0E012B31F0C5010E94082EFA
:1055A00080E00E94DF5D0FB6F894DEBE0FBECDBE78
:1055B00090919F0680913D0F981709F46CCF8091D0
:1055C0009F0680933D0F80919F06882309F463CF47
:1055D0000E94893685E89EE10E945C3280919F0698
:1055E00080FF09C080E00E94D523AB01BC0181E8A7
:1055F0009EE10E94AB3780919F0681FF09C081E048
:105600000E94D523AB01BC018DE79EE10E94AB3720
:1056100080919F0682FF09C082E00E94D523AB01E2
:10562000BC0189E79EE10E94AB3780919F0683FF12
:1056300009C082E00E94D523AB01BC0185E79EE151
:105640000E94AB378AE00E94203125CF8F010D5F89
:105650001E40E190EE2019F03AE0E312F7CF011579
:10566000110559F0F801E350F14F10828DEF9EE0E3
:105670000E94082E80E00E94DF5D81E0E11001C001
:1056800080E0800F982FE92FF0E0E350F14F208168
:10569000E92FE81BF0E0E350F14F2083222309F4C7
:1056A00087CF9F5FF0CF109218052DCF0F931F93D8
:1056B000CF93DF938230910510F482E090E0E09187
:1056C000B40FF091B50F30E020E0B0E0A0E03097EB
:1056D00099F42115310509F44AC0281B390B2430EF
:1056E0003105D8F58A819B816115710589F1FB012E
:1056F00093838283FE0111C0408151810281138115
:1057000048175907E0F04817590799F4109761F0C6
:1057100012960C93129713961C933296CF01DF9139
:10572000CF911F910F9108950093B40F1093B50F6F
:10573000F4CF2115310551F04217530738F0A90174
:10574000DB019A01BD01DF01F801C1CFEF01F9CF03
:105750009093B50F8093B40FCDCFFE01E20FF31FEE
:10576000819391932250310939832883D7CF209197
:10577000B20F3091B30F232B41F42091610230918D
:1057800062023093B30F2093B20F20915F023091E9
:1057900060022115310541F42DB73EB740916302F7
:1057A00050916402241B350BE091B20FF091B30FBE
:1057B000E217F307A0F42E1B3F0B2817390778F0E8
:1057C000AC014E5F5F4F2417350748F04E0F5F1F47
:1057D0005093B30F4093B20F819391939FCFF0E01A
:1057E000E0E09CCFCF93DF930097E9F0FC01329784
:1057F00013821282A091B40FB091B50FED0130E089
:1058000020E01097A1F420813181820F931F209115
:10581000B20F3091B30F2817390709F061C0F09328
:10582000B30FE093B20FDF91CF910895EA01CE1745
:10583000DF07E8F54A815B819E0141155105B1F70B
:10584000E901FB83EA8349915991C40FD51FEC17F5
:10585000FD0761F4808191810296840F951FE90113
:1058600099838883828193819B838A83F0E0E0E03F
:1058700012968D919C9113970097B9F52D913C91BB
:105880001197CD010296820F931F2091B20F309194
:10589000B30F2817390739F6309751F51092B50F25
:1058A0001092B40FB093B30FA093B20FBCCFD383B9
:1058B000C28340815181840F951FC817D90761F4B5
:1058C0004E5F5F4F88819981480F591F51834083F4
:1058D0008A819B81938382832115310509F0B0CFA2
:1058E000F093B50FE093B40F9ECFFD01DC01C0CF64
:1058F00013821282D7CF8F929F92AF92BF92CF9294
:10590000DF92EF92FF920F931F93CF93DF935C018F
:105910007B016115710519F0DB018D939C93850165
:105920000F5F1F4FF501D0818D2F90E064D36C0184
:10593000892BA9F5DD32A9F50F5F1F4FD50111960F
:10594000DC91C1E05801F1E0AF1AB10843E050E04A
:1059500068E371E0C50174D3892B61F5680182E0C9
:10596000C80ED11C45E050E063E371E0C60168D386
:10597000892B21F4680197E0C90ED11CE114F104D0
:1059800019F0D701CD92DC9260E070E080E89FEFE3
:10599000C111F9C060E070E080E89FE7F4C05801F1
:1059A000BECFDB3229F485010E5F1F4FF501D18197
:1059B000C0E0C8CF43E050E060E371E0C50140D3F0
:1059C000892BE9F0F80110E000E020E030E0A901C7
:1059D0005F01B0ED8B2E8D0E89E08815C0F19C2EF5
:1059E000689491F88C2F8870C2FF16C0811102C094
:1059F0000F5F1F4F3196D501DC91C92DE9CFE1141E
:105A0000F10429F00E5F1F4FF7011183008360E05E
:105A100070E080EC9FE7B7C0882311F001501109B6
:105A2000A5E0B0E095D79B01AC01220F331F441FC6
:105A3000551F280D311D411D511D283999E9390780
:105A4000490799E15907B0F2C6609C2ED3CFAEEF5B
:105A50008A1206C0C3FD3CC09C2E689493F8CACF3E
:105A6000DF7DD534A9F580818D3239F4C061DF0145
:105A70001296818162E070E006C0DF018B32C1F3D3
:105A8000119661E070E080535D01A61AB70A8A3072
:105A9000F8F4E0E8CE16ECE0DE065CF4B601660F42
:105AA000771F660F771FC60ED71ECC0CDD1CC80EE5
:105AB000D11C5D01FFEFAF1ABF0A8C9180538A3071
:105AC00098F1C4FF03C0D194C194D1080C0D1D1DE1
:105AD000C1FF09C0E114F10431F081E0A81AB10856
:105AE000D701AD92BC92CA01B9011ED3C370C330B5
:105AF00009F490584B015C0120E030E0A90110D37B
:105B0000882309F43EC0C7E6D1E017FF05C0119510
:105B100001951109CFE4D1E06E01B8E1CB1AD108AB
:105B200080E2E82EF12C0EC0D501B3CFFE01259105
:105B30003591459154910E191F09C501B40155D3F2
:105B40004B015C01D501C4010E151F057CF724979C
:105B5000F594E794CC16DD06A9F78A2F880F8B2FD2
:105B6000881F8F3F41F020E030E0A901C501B4015A
:105B7000D7D2811106C082E290E09093B70F809354
:105B8000B60FC501B401DF91CF911F910F91FF9026
:105B9000EF90DF90CF90BF90AF909F908F9008953F
:105BA0003F924F925F926F927F928F929F92AF92AD
:105BB000BF92CF92DF92EF92FF920F931F93CF93FA
:105BC000DF935C016B017A016115710519F0FB012E
:105BD00091838083E114F10451F0C7010297839708
:105BE00030F040E030E020E090E06AC05E01E50186
:105BF0002196F5011081812F90E0FDD1892BB1F71D
:105C00001D3201F52196F501118101E0E114F10445
:105C100009F4E4C0F0E1EF16F10409F088C0103394
:105C200059F488818F7D883509F07CC019812296CE
:105C30000260F0E1EF2EF12C812C912CA12C88E058
:105C4000B82E91C01B3221F4E5012296F501118195
:105C500000E0DCCFEAE0EE16F10409F4C5C0F0E1A3
:105C6000EF16F10409F073C0E7CF78E0E72EF12CCE
:105C7000812C912CA12C60E1B62E75C021E0ABC027
:105C8000302F3170C114D10431F0222371F12197EA
:105C9000F601D183C08327FF2EC060E070E080E072
:105CA00090E8311104C06FEF7FEF8FEF9FE722E2A2
:105CB00030E03093B70F2093B60F462F372F282FA1
:105CC000642F732F822FDF91CF911F910F91FF903F
:105CD000EF90DF90CF90BF90AF909F908F907F908C
:105CE0006F905F904F903F90089501FF04C02297FE
:105CF000F601D183C083332341F090958095709550
:105D000061957F4F8F4F9F4FD8CF97FFD6CF82E2BD
:105D100090E09093B70F8093B60F6FEF7FEF8FEF08
:105D20009FE7CBCF10E3E114F10409F49ECF28E004
:105D3000E216F10409F49CCF0CF08CCF812C912C4D
:105D4000A12CE0E4BE2E82E0E816F10461F060E0F0
:105D500070E080E090E897010F2C000C440B550B8D
:105D6000B9D549015A0120E060E070E0CB0127017C
:105D70000F2C000C66087708FE0150ED352E310E11
:105D800039E0331570F43FEB310F49EC342E3A31E2
:105D900038F03FE9310F3A3108F072CF39EA332E4B
:105DA000310E3E141F040CF06BCF27FD14C0861675
:105DB0009706A806B90670F0A30192017CD5630D81
:105DC000711D811D911D61307105810520E89207CB
:105DD00008F454CF2FEF21961081CECF103309F461
:105DE00020CF2AE0E22EF12C9CEC892E982CA82CB6
:105DF0009CE0B92EB8CF3F924F925F926F927F9204
:105E00008F929F92AF92BF92CF92DF92EF92FF92CA
:105E10000F931F93CF93DF935C016B017A016115A0
:105E2000710519F0FB0191838083E114F10449F0BD
:105E3000C7010297839728F060E070E0CB0199C01A
:105E40005E01E5012196F5011081812F90E0D3D00C
:105E5000892BB1F71D3209F05BC02196F501118144
:105E600001E0E114F10409F4B9C0F0E1EF16F10426
:105E700009F09AC0103341F488818F7D883509F08C
:105E80008EC0198122960260E0E1EE2EF12C88246A
:105E90008A94982CA82CFFE0BF2E20E060E070E0F0
:105EA000CB0127010F2C000C66087708FE0150ED8E
:105EB000352E310E39E0331568F43FEB310F49ECE4
:105EC000342E3A3130F03FE9310F3A31A8F539EA52
:105ED000332E310E3E141F047CF52F3FB1F0861691
:105EE0009706A806B90630F1A3019201E4D4232D48
:105EF00030E050E040E0620F731F841F951F62176F
:105F0000730784079507B0F021E021961081CECF6A
:105F10001B3221F4E5012296F501118100E0A1CFA9
:105F200078E0E72EF12C88248A94982CA82C6FE135
:105F3000B62EB3CF2FEFE9CFC114D10431F0222315
:105F400051F12197F601D183C08300FF07C09095DE
:105F50008095709561957F4F8F4F9F4F2F3F49F4EC
:105F600082E290E09093B70F8093B60F6FEF7FEFD0
:105F7000CB01DF91CF911F910F91FF90EF90DF90B8
:105F8000CF90BF90AF909F908F907F906F905F90D9
:105F90004F903F90089501FFD8CF2297D3CF10E3C1
:105FA000E114F10409F4BCCF3AE0E316F104E1F0A6
:105FB00080E1E816F10409F467CFE8E0EE16F10499
:105FC00009F4B1CF6FEF7FEFCB0197010F2C000CDD
:105FD000440B550B7FD449015A015FCF103309F4AC
:105FE0004BCF9AE0E92EF12C89E9882E982CA82C29
:105FF00089E1B82E52CF911150C3803219F08950E7
:106000008550D0F70895FB01DC0102C005900D9288
:1060100041505040D8F70895FC010590061621F034
:106020000020D9F7C00108953197CF010895FC01F0
:1060300005900020E9F7809590958E0F9F1F089599
:10604000FB01DC014150504088F08D9181341CF0FF
:106050008B350CF4805E659161341CF06B350CF46B
:10606000605E861B611171F3990B0895881BFCCF4C
:10607000FB01DC014150504048F005900D9200209A
:10608000C9F701C01D9241505040E0F70895FB014F
:1060900055915523A9F0BF01DC014D9145174111E0
:1060A000E1F759F4CD010590002049F04D914015DC
:1060B0004111C9F3FB014111EFCF81E090E001975D
:1060C00008950F931F93CF93DF93CDB7DEB72E972D
:1060D0000FB6F894DEBF0FBECDBF0E891F898EE0CC
:1060E0008C831A8309838FEF9FE79E838D83AE0194
:1060F000465E5F4F688D798DCE010196D9D02F8194
:106100003885020F131FF80110822E960FB6F894EF
:10611000DEBF0FBECDBFDF91CF911F910F910895CC
:1061200040D008F481E00895E89409C097FB3EF45C
:1061300090958095709561957F4F8F4F9F4F9923D4
:10614000A9F0F92F96E9BB279395F6958795779552
:106150006795B795F111F8CFFAF4BB0F11F460FF12
:106160001BC06F5F7F4F8F4F9F4F16C0882311F06A
:1061700096E911C0772321F09EE8872F762F05C07E
:10618000662371F096E8862F70E060E02AF09A9519
:10619000660F771F881FDAF7880F9695879597F90E
:1061A0000895990F0008550FAA0BE0E8FEEF1616A8
:1061B0001706E807F907C0F012161306E407F507FB
:1061C00098F0621B730B840B950B39F40A2661F06F
:1061D000232B242B252B21F408950A2609F4A14012
:1061E000A6958FEF811D811D08950BD014C305D393
:1061F00028F00AD318F0952309F0F6C2FBC2112447
:106200003EC31AD3A0F3959FD1F3950F50E0551FCD
:10621000629FF001729FBB27F00DB11D639FAA27FB
:10622000F00DB11DAA1F649F6627B00DA11D661F4A
:10623000829F2227B00DA11D621F739FB00DA11D6B
:10624000621F839FA00D611D221F749F3327A00D25
:10625000611D231F849F600D211D822F762F6A2FC1
:1062600011249F5750408AF0E1F088234AF0EE0F46
:10627000FF1FBB1F661F771F881F91505040A9F753
:106280009E3F510570F0B0C2FAC25F3FECF3983EFA
:10629000DCF3869577956795B795F795E7959F5FBA
:1062A000C1F7FE2B880F911D9695879597F9089554
:1062B0002F923F924F925F926F927F928F929F9216
:1062C000AF92BF92CF92DF92EF92FF920F931F9304
:1062D000CF93DF9300D000D000D01F921F92CDB794
:1062E000DEB77C013B018A01FC01178216828381A3
:1062F00081FFD0C1CE0101965C01F7019381F301CA
:1063000093FD859193FF81913F01882309F449C151
:10631000853239F493FD859193FF81913F01853258
:1063200021F4B70190E0D2D1E8CF912C212C312C6F
:10633000FFE1F31538F08B3211F190F4803209F15E
:10634000833229F137FC3CC020ED280F2A3050F56C
:1063500036FE20C08AE0989E200D1124922E06C0A1
:106360008D3291F0803371F7689430F8F30193FD2A
:10637000859193FF81913F018111DACF21C068940B
:1063800031F8689432F8F2CF689433F8EFCF68941C
:1063900034F8ECCFEAE02E9E200D1124222E6894D2
:1063A00035F8E4CF8E3229F436FCFBC0689436F819
:1063B000DDCF8C3619F4689437F8D8CF8836B1F22F
:1063C000982F9F7D95549330D8F0833691F1833781
:1063D000B1F1833509F05EC02801F2E04F0E511C87
:1063E000F801C080D180692D70E036FC02C06FEFEB
:1063F0007FEFC60155D14C01689437F882010AC07D
:106400000C5F1F4FFFE3F98388248394912C65016F
:10641000E89437F833FE2AC0522C8114910459F5C0
:10642000552009F46ACFB70180E290E04FD15A9429
:10643000F7CFF801808189830E5F1F4FE5CF2801D8
:10644000F2E04F0E511CF801C080D180692D70E040
:1064500036FC02C06FEF7FEFC6012DD14C018201E7
:10646000D7CFB70180E290E031D12A9428141904E3
:1064700009F0B8F7D1CFF60137FC859137FE81914D
:106480006F01B70190E022D151105A94F1E08F1AB8
:106490009108C3CF843619F0893609F073C0F8012A
:1064A00037FE67C060817181828193810C5F1F4FCD
:1064B000F32DFF763F2E97FF09C09095809570953C
:1064C00061957F4F8F4F9F4F689437F82AE030E0F7
:1064D000A5012CD1C82ECA188C2C432C36FE0CC01A
:1064E000E89440F8C91440F434FE05C032FC03C0FF
:1064F000F32DFE7E4F2E892C44FEA6C0FE01EC0D2E
:10650000F11D8081803309F098C0242D297E422E10
:10651000842D8870582E43FCA5C040FE9FC09C2C43
:10652000821418F42C0C922C981844FEA1C0B701C8
:1065300080E390E0CBD042FE08C088E790E041FEC7
:1065400002C088E590E0B701C1D0C91408F49CC02E
:10655000CA94D12C9FEFC91AD90ACA0CDB1CF601C8
:1065600082916F01B70190E0B1D0AC14BD04B9F7CE
:1065700057CF60817181072E000C880B990B0E5F3D
:106580001F4F96CFD32CE894D4F82AE030E085371B
:10659000E1F1232D297FD22E8F36A9F1F0F4883531
:1065A00051F1F701868197812B960FB6F894DEBFE3
:1065B0000FBECDBFDF91CF911F910F91FF90EF9054
:1065C000DF90CF90BF90AF909F908F907F906F9013
:1065D0005F904F903F902F900895803749F0883713
:1065E00001F7D4FE02C06894D2F820E130E00DC07B
:1065F0006894D4F8F6CF34FE03C0822F8660D82E7C
:1066000020E132E002C028E030E0F801D7FE0EC001
:1066100060817181828193810C5F1F4FA50186D0BB
:10662000C82ECA183D2CE89437F856CF6081718186
:1066300090E080E00E5F1F4FF1CF42FC02C08394D8
:1066400067CF8394839464CF842D867809F460CFD8
:10665000F6CFB70180E290E039D083948214C8F37A
:10666000512C63CF522C5818821408F45ECFF8CF07
:10667000842D867809F469CF8BE241FE80E247FCE5
:106680008DE2B70190E060CFB70180E390E01ED0CB
:106690009A945BCF8FEF9FEF87CF99278827089534
:1066A000FC010590615070400110D8F780959095DD
:1066B0008E0F9F1F0895FC016150704001900110E2
:1066C000D8F7809590958E0F9F1F08950F931F9375
:1066D000CF93DF93182F092FEB018B8181FD09C028
:1066E0001FEF0FEF812F902FDF91CF911F910F910F
:1066F000089582FF14C02E813F818C819D812817CF
:1067000039073CF4E881F981CF01019699838883A8
:1067100010838E819F8101969F838E83E3CFE885CE
:10672000F985812F1995892BA1F3DACFFA01AA27D0
:10673000283051F1203181F1E8946F936E7F6E5FC4
:106740007F4F8F4F9F4FAF4FB1E03ED0B4E03CD072
:10675000670F781F891F9A1FA11D680F791F8A1F55
:10676000911DA11D6A0F711D811D911DA11D20D0BC
:1067700009F468943F912AE0269F11243019305D76
:106780003193DEF6CF010895462F4770405D419367
:10679000B3E00FD0C9F7F6CF462F4F70405D4A33B4
:1067A00018F0495D31FD4052419302D0A9F7EACF7C
:1067B000B4E0A6959795879577956795BA95C9F7AB
:1067C00000976105710508959B01AC010A2E06949E
:1067D0005795479537952795BA95C9F7620F731F57
:1067E000841F951FA01D089597F99F6780E870E0AA
:1067F00060E008959FEF80EC089500240A94161637
:10680000170618060906089500240A94121613069E
:10681000140605060895092E0394000C11F488232C
:1068200052F0BB0F40F4BF2B11F460FF04C06F5F48
:106830007F4F8F4F9F4F089557FD9058440F551F1E
:1068400059F05F3F71F04795880F97FB991F61F0F2
:106850009F3F79F087950895121613061406551F69
:10686000F2CF4695F1DF08C0161617061806991FD5
:10687000F1CF86957105610508940895E894BB27CA
:1068800066277727CB0197F90895F999FECF92BD36
:1068900081BDF89A992780B50895262FF999FECFE2
:1068A0001FBA92BD81BD20BD0FB6F894FA9AF99A2D
:1068B0000FBE01960895DB018F939F9349D0BF913E
:1068C000AF91A29F800D911DA39F900DB29F900D3F
:1068D00011240895A1E21A2EAA1BBB1BFD010DC0B5
:1068E000AA1FBB1FEE1FFF1FA217B307E407F50780
:1068F00020F0A21BB30BE40BF50B661F771F881F5C
:10690000991F1A9469F760957095809590959B01F1
:10691000AC01BD01CF010895052E97FB16F400943C
:106920000FD057FD05D0D6DF07FC02D046F408C0D3
:1069300050954095309521953F4F4F4F5F4F0895AB
:1069400090958095709561957F4F8F4F9F4F0895DB
:1069500009D0A59F900DB49F900DA49F800D911D0F
:1069600011240895A29FB001B39FC001A39F700D91
:10697000811D1124911DB29F700D811D1124911D47
:106980000895AA1BBB1B51E107C0AA1FBB1FA61776
:10699000B70710F0A61BB70B881F991F5A95A9F7C8
:1069A00080959095BC01CD01089597FB072E16F4B4
:1069B000009406D077FD08D0E4DF07FC05D03EF454
:1069C000909581959F4F0895709561957F4F08959B
:1069D000EE0FFF1F881F8BBF0790F691E02D1994D3
:1069E000AA27992329F4A85F982B11F480E1089530
:1069F000903118F4AD5F9295A395990FE8F78A2F1F
:106A000099270895002E083090F0982F872F762F21
:106A1000652F542F432F322F22270850F4CF220FF7
:106A2000331F441F551F661F771F881F991F0A9524
:106A3000B2F7002D089597FD1094002E083098F0BD
:106A40000850232F342F452F562F672F782F892F4B
:106A5000912DF4CF159497958795779567955795D0
:106A60004795379527950A95AAF71124002D089583
:106A70005058BB27AA270ED0CECEBFDE30F0C4DEE2
:106A800020F031F49F3F11F41EF4B4CE0EF4E095E3
:106A9000E7FBAACEE92FD0DE80F3BA1762077307AF
:106AA0008407950718F071F49EF5E8CE0EF4E09592
:106AB0000B2EBA2FA02D0B01B90190010C01CA01B8
:106AC000A0011124FF27591B99F0593F50F4503E63
:106AD00068F11A16F040A22F232F342F4427585F55
:106AE000F3CF469537952795A795F0405395C9F76D
:106AF0007EF41F16BA0B620B730B840BBAF0915025
:106B0000A1F0FF0FBB1F661F771F881FC2F70EC0C3
:106B1000BA0F621F731F841F48F487957795679596
:106B2000B795F7959E3F08F0B3CF9395880F08F07F
:106B30009927EE0F9795879508955FDE58F080E8C6
:106B400091E009F49EEF60DE28F040E851E059F44E
:106B50005EEF09C04FCE92CEE92FE0786DDE68F38C
:106B6000092E052AC1F3261737074807590738F0B9
:106B70000E2E07F8E02569F0E025E0640AC0EF6317
:106B800007F8009407FADB01B9019D01DC01CA0195
:106B9000AD01EF9359D03FDE0AD05F91552331F01C
:106BA0002BED3FE049E450FD49EC63CF0895DF93BE
:106BB000DD27B92FBF7740E85FE3161617064807B1
:106BC0005B0710F4D92F7FD19F938F937F936F939F
:106BD000F9D1E4EEF0E0FED01EDE2F913F914F910F
:106BE0005F910FDBDD2349F09058A2EA2AED3FE0E8
:106BF00049EC5FE3D0785D274DDFDF910CCE48D1C3
:106C000080F09F3740F491110EF439CE60E070E0CF
:106C100080E89FE3089526F01B16611D711D811DFC
:106C2000B0C0CAC0FDD0E39522C10CD0F4CDECDDDC
:106C300040F0E3DD30F021F45F3F19F0D5CD511184
:106C40001ECED8CDF9DD98F39923C9F35523B1F3BE
:106C5000951B550BBB27AA2762177307840738F0CB
:106C60009F5F5F4F220F331F441FAA1FA9F333D02A
:106C70000E2E3AF0E0E830D091505040E695001CDE
:106C8000CAF729D0FE2F27D0660F771F881FBB1F9A
:106C9000261737074807AB07B0E809F0BB0B802D74
:106CA000BF01FF2793585F4F2AF09E3F510568F0C0
:106CB0009BCDE5CD5F3FECF3983EDCF38695779571
:106CC0006795B795F7959F5FC9F7880F911D9695C2
:106CD000879597F90895E1E0660F771F881FBB1F1E
:106CE000621773078407BA0720F0621B730B840BCB
:106CF000BA0BEE1F88F7E095089504D06894B1119F
:106D0000BECD0895A1DD88F09F5790F0B92F992747
:106D1000B751A0F0D1F0660F771F881F991F1AF0A6
:106D2000BA95C9F712C0B13081F0A8DDB1E008957D
:106D3000A5CD672F782F8827B85F39F0B93FCCF3FE
:106D4000869577956795B395D9F73EF4909580959C
:106D5000709561957F4F8F4F9F4F089599D080F028
:106D60009F3740F491110EF08ACD60E070E080E82A
:106D70009FEB089526F41B16611D711D811D01C036
:106D80001BC0882371F4772321F09850872B762F2E
:106D900007C0662311F499270DC09051862B70E02F
:106DA00060E02AF09A95660F771F881FDAF7880F40
:106DB0009695879597F908959F3F31F0915020F46B
:106DC000879577956795B795880F911D96958795C7
:106DD00097F90895DF93CF931F930F93FF92EF924C
:106DE000DF927B018C01689405C0DA2EEF0109DA8D
:106DF000FE01E894A5912591359145915591AEF309
:106E0000EF0148DEFE019701A801DA9479F7DF90DF
:106E1000EF90FF900F911F91CF91DF910895EACCF1
:106E200013DDE8F3E894E0E0BB279F57F0F02AED8C
:106E30003FE049EC06C0EE0FBB0F661F771F881FAF
:106E400028F0B23A62077307840728F0B25A620B3F
:106E5000730B840BE3959A9572F7803830F49A950A
:106E6000BB0F661F771F881FD2F79048A7CFEF93FD
:106E7000E0FF06C0A2EA2AED3FE049EC5FEB0ADE44
:106E8000CADC0F90039401FC9058E1E1F1E0A8C046
:106E9000DBDCA0F0BEE7B91788F4BB279F3860F4AD
:106EA0001616B11D672F782F8827985FF7CF869524
:106EB00077956795B11D93959639C8F3089571D963
:106EC00008F48FEF08959B01AC0160E070E080E86A
:106ED0009FE3ABCEB9DC58F19E5758F19851A0F022
:106EE000E9F0983020F5092E9927660F771F881F43
:106EF000991F0A94D1F712C0062E672F782F882782
:106F0000985F11F4000C07C0993FB4F3869577950C
:106F100067959395D9F7611D711D811D3EF490957C
:106F20008095709561957F4F8F4F9F4F089568941E
:106F3000A6CCA4CC9F9374DF0F9007FCEE5F97CF95
:106F400011F40EF457CC38CF7FDCD0F39923D9F36A
:106F5000CEF39F57550B87FF3CD00024A0E640EAB4
:106F6000900180585695979528F4805C660F771F9E
:106F7000881F20F026173707480730F4621B730B71
:106F8000840B202931294A2BA69517940794202594
:106F900031254A2758F7660F771F881F20F02617DC
:106FA0003707480730F4620B730B840B200D311D3B
:106FB000411DA09581F7B901842F9158880F9695AE
:106FC000879508959B01AC0110C9EBD8880B990BEC
:106FD000089591505040660F771F881FD2F708958B
:106FE0009F938F937F936F93FF93EF939B01AC01DC
:106FF000FCD8EF91FF91EEDE2F913F914F915F9181
:10700000F4C881E090E0F8942BC0FC0181918617D0
:1070100021F08823D9F7992708953197CF01089552
:10702000FB01DC0101900D920020E1F70895FB01C6
:10703000DC014150504030F08D910190801919F4DD
:107040000020B9F7881B990B0895FC0181E090E0BE
:107050000190061609F4CF010020D1F70197089599
:04706000F894FFCFD2
:107064000D02C0D401006400CDCCCC3DFA00D200A6
:10707400016400555585426400AA00010000000027
:107084000000000000000000000080C5430000C8AC
:10709400430000C843FFFFFFFF10FF0601FF3FFF4F
:1070A4003F00000000FF3F000005430000803F0058
:1070B4000070C10000C8430000C843000000000085
:1070C40000B90F80004400000000004700480000A1
:1070D400000000000101010000204100002041CD1A
:1070E400CCCC3E0000A0400000C07F0000C07F0068
:1070F40000C07FFF003C000100004040000034421B
:1071040000000000000000000000000000005041EA
:107114000000000000000041640000006400000062
:10712400030000006400000064000000030000008D
:1071340003000000030000001E00000000002041C6
:107144000000C3430000A04158595A450000404084
:10715400563838000A05062E0100080020004000B9
:10716400800000010004000020410000C34300002F
:10717400A04100000000AF7769778178AE770B7883
:107184002278967700004040000000004A944F9512
:10719400D479557AB4790D7A617A2F7A6A7ABC797E
:0E71A400517AEA79597A4552520058595A00E8
:00000001FF
